session_id,step,source,target,event_type,bytes_out,is_external,encoded_command,label
SESSION-00001,1,python.exe,analysis.csv,file,0,0,0,benign
SESSION-00001,2,python.exe,local_database,network,56091,0,0,benign
SESSION-00002,1,outlook.exe,powershell.exe,process,0,0,1,attack
SESSION-00002,2,powershell.exe,payload.tmp,file,0,0,1,attack
SESSION-00002,3,powershell.exe,rundll32.exe,process,0,0,0,attack
SESSION-00002,4,rundll32.exe,curl.exe,process,0,0,0,attack
SESSION-00002,5,curl.exe,external_host,network,683316,1,0,attack
SESSION-00003,1,outlook.exe,powershell.exe,process,0,0,1,attack
SESSION-00003,2,powershell.exe,payload.tmp,file,0,0,1,attack
SESSION-00003,3,powershell.exe,rundll32.exe,process,0,0,0,attack
SESSION-00003,4,rundll32.exe,credential_store,file,0,0,0,attack
SESSION-00003,5,rundll32.exe,curl.exe,process,0,0,0,attack
SESSION-00003,6,curl.exe,external_host,network,704134,1,0,attack
SESSION-00004,1,python.exe,analysis.csv,file,0,0,0,benign
SESSION-00004,2,python.exe,local_database,network,53833,0,0,benign
SESSION-00005,1,outlook.exe,powershell.exe,process,0,0,1,attack
SESSION-00005,2,powershell.exe,payload.tmp,file,0,0,1,attack
SESSION-00005,3,powershell.exe,rundll32.exe,process,0,0,0,attack
SESSION-00005,4,rundll32.exe,curl.exe,process,0,0,0,attack
SESSION-00005,5,curl.exe,external_host,network,808069,1,0,attack
SESSION-00006,1,explorer.exe,browser.exe,process,0,0,0,benign
SESSION-00006,2,browser.exe,trusted_api,network,46132,1,0,benign
SESSION-00007,1,outlook.exe,pdf_reader.exe,process,0,0,0,benign
SESSION-00007,2,pdf_reader.exe,document.pdf,file,0,0,0,benign
SESSION-00007,3,document.pdf,cache.tmp,file,0,0,0,benign
SESSION-00008,1,outlook.exe,powershell.exe,process,0,0,1,benign
SESSION-00008,2,powershell.exe,payload.tmp,file,0,0,1,benign
SESSION-00008,3,powershell.exe,rundll32.exe,process,0,0,0,benign
SESSION-00008,4,rundll32.exe,curl.exe,process,0,0,0,benign
SESSION-00008,5,curl.exe,external_host,network,528186,1,0,benign
SESSION-00009,1,explorer.exe,browser.exe,process,0,0,0,benign
SESSION-00009,2,browser.exe,trusted_api,network,27883,1,0,benign
SESSION-00010,1,outlook.exe,pdf_reader.exe,process,0,0,0,benign
SESSION-00010,2,pdf_reader.exe,document.pdf,file,0,0,0,benign
SESSION-00010,3,document.pdf,cache.tmp,file,0,0,0,benign
SESSION-00011,1,python.exe,analysis.csv,file,0,0,0,benign
SESSION-00011,2,python.exe,local_database,network,44198,0,0,benign
SESSION-00012,1,explorer.exe,browser.exe,process,0,0,0,benign
SESSION-00012,2,browser.exe,trusted_api,network,21679,1,0,benign
SESSION-00013,1,backup.exe,archive.zip,file,0,0,0,benign
SESSION-00013,2,backup.exe,backup_server,network,20164,0,0,benign
SESSION-00014,1,outlook.exe,powershell.exe,process,0,0,1,attack
SESSION-00014,2,powershell.exe,payload.tmp,file,0,0,1,attack
SESSION-00014,3,powershell.exe,rundll32.exe,process,0,0,0,attack
SESSION-00014,4,rundll32.exe,curl.exe,process,0,0,0,attack
SESSION-00014,5,curl.exe,external_host,network,740017,1,0,attack
SESSION-00015,1,explorer.exe,browser.exe,process,0,0,0,benign
SESSION-00015,2,browser.exe,trusted_api,network,19458,1,0,benign
SESSION-00016,1,teams.exe,browser.exe,process,0,0,0,benign
SESSION-00016,2,browser.exe,company_portal,network,17465,0,0,benign
SESSION-00017,1,explorer.exe,browser.exe,process,0,0,0,benign
SESSION-00017,2,browser.exe,trusted_api,network,6989,1,0,benign
SESSION-00018,1,teams.exe,browser.exe,process,0,0,0,benign
SESSION-00018,2,browser.exe,company_portal,network,52079,0,0,benign
SESSION-00018,3,company_portal,cache.tmp,file,0,0,0,benign
SESSION-00019,1,outlook.exe,pdf_reader.exe,process,0,0,0,benign
SESSION-00019,2,pdf_reader.exe,document.pdf,file,0,0,0,benign
SESSION-00020,1,backup.exe,archive.zip,file,0,0,0,benign
SESSION-00020,2,backup.exe,backup_server,network,5673,0,0,benign
SESSION-00020,3,backup_server,cache.tmp,file,0,0,0,benign
SESSION-00021,1,outlook.exe,powershell.exe,process,0,0,1,attack
SESSION-00021,2,powershell.exe,payload.tmp,file,0,0,1,attack
SESSION-00021,3,powershell.exe,rundll32.exe,process,0,0,0,attack
SESSION-00021,4,rundll32.exe,curl.exe,process,0,0,0,attack
SESSION-00021,5,curl.exe,external_host,network,183550,1,0,attack
SESSION-00022,1,python.exe,analysis.csv,file,0,0,0,benign
SESSION-00022,2,python.exe,local_database,network,28331,0,0,benign
SESSION-00022,3,local_database,cache.tmp,file,0,0,0,benign
SESSION-00023,1,backup.exe,archive.zip,file,0,0,0,attack
SESSION-00023,2,backup.exe,backup_server,network,50607,0,0,attack
SESSION-00024,1,outlook.exe,powershell.exe,process,0,0,1,attack
SESSION-00024,2,powershell.exe,payload.tmp,file,0,0,1,attack
SESSION-00024,3,powershell.exe,rundll32.exe,process,0,0,0,attack
SESSION-00024,4,rundll32.exe,credential_store,file,0,0,0,attack
SESSION-00024,5,rundll32.exe,curl.exe,process,0,0,0,attack
SESSION-00024,6,curl.exe,external_host,network,672334,1,0,attack
SESSION-00025,1,explorer.exe,browser.exe,process,0,0,0,benign
SESSION-00025,2,browser.exe,trusted_api,network,26004,1,0,benign
SESSION-00025,3,trusted_api,cache.tmp,file,0,0,0,benign
SESSION-00026,1,backup.exe,archive.zip,file,0,0,0,benign
SESSION-00026,2,backup.exe,backup_server,network,7521,0,0,benign
SESSION-00026,3,backup_server,cache.tmp,file,0,0,0,benign
SESSION-00027,1,python.exe,analysis.csv,file,0,0,0,benign
SESSION-00027,2,python.exe,local_database,network,46081,0,0,benign
SESSION-00027,3,local_database,cache.tmp,file,0,0,0,benign
SESSION-00028,1,outlook.exe,pdf_reader.exe,process,0,0,0,benign
SESSION-00028,2,pdf_reader.exe,document.pdf,file,0,0,0,benign
SESSION-00029,1,teams.exe,browser.exe,process,0,0,0,attack
SESSION-00029,2,browser.exe,company_portal,network,30162,0,0,attack
SESSION-00030,1,outlook.exe,powershell.exe,process,0,0,1,attack
SESSION-00030,2,powershell.exe,payload.tmp,file,0,0,1,attack
SESSION-00030,3,powershell.exe,rundll32.exe,process,0,0,0,attack
SESSION-00030,4,rundll32.exe,curl.exe,process,0,0,0,attack
SESSION-00030,5,curl.exe,external_host,network,820133,1,0,attack
SESSION-00031,1,outlook.exe,powershell.exe,process,0,0,1,attack
SESSION-00031,2,powershell.exe,payload.tmp,file,0,0,1,attack
SESSION-00031,3,powershell.exe,rundll32.exe,process,0,0,0,attack
SESSION-00031,4,rundll32.exe,curl.exe,process,0,0,0,attack
SESSION-00031,5,curl.exe,external_host,network,96009,1,0,attack
SESSION-00032,1,teams.exe,browser.exe,process,0,0,0,benign
SESSION-00032,2,browser.exe,company_portal,network,10834,0,0,benign
SESSION-00033,1,outlook.exe,powershell.exe,process,0,0,1,attack
SESSION-00033,2,powershell.exe,payload.tmp,file,0,0,1,attack
SESSION-00033,3,powershell.exe,rundll32.exe,process,0,0,0,attack
SESSION-00033,4,rundll32.exe,credential_store,file,0,0,0,attack
SESSION-00033,5,rundll32.exe,curl.exe,process,0,0,0,attack
SESSION-00033,6,curl.exe,external_host,network,558960,1,0,attack
SESSION-00034,1,teams.exe,browser.exe,process,0,0,0,benign
SESSION-00034,2,browser.exe,company_portal,network,11105,0,0,benign
SESSION-00034,3,company_portal,cache.tmp,file,0,0,0,benign
SESSION-00035,1,outlook.exe,pdf_reader.exe,process,0,0,0,benign
SESSION-00035,2,pdf_reader.exe,document.pdf,file,0,0,0,benign
SESSION-00036,1,backup.exe,archive.zip,file,0,0,0,benign
SESSION-00036,2,backup.exe,backup_server,network,20569,0,0,benign
SESSION-00037,1,explorer.exe,browser.exe,process,0,0,0,benign
SESSION-00037,2,browser.exe,trusted_api,network,6092,1,0,benign
SESSION-00038,1,explorer.exe,browser.exe,process,0,0,0,benign
SESSION-00038,2,browser.exe,trusted_api,network,12144,1,0,benign
SESSION-00039,1,outlook.exe,powershell.exe,process,0,0,1,attack
SESSION-00039,2,powershell.exe,payload.tmp,file,0,0,1,attack
SESSION-00039,3,powershell.exe,rundll32.exe,process,0,0,0,attack
SESSION-00039,4,rundll32.exe,curl.exe,process,0,0,0,attack
SESSION-00039,5,curl.exe,external_host,network,548817,1,0,attack
SESSION-00040,1,outlook.exe,powershell.exe,process,0,0,1,benign
SESSION-00040,2,powershell.exe,payload.tmp,file,0,0,1,benign
SESSION-00040,3,powershell.exe,rundll32.exe,process,0,0,0,benign
SESSION-00040,4,rundll32.exe,curl.exe,process,0,0,0,benign
SESSION-00040,5,curl.exe,external_host,network,378216,1,0,benign
SESSION-00041,1,outlook.exe,powershell.exe,process,0,0,1,attack
SESSION-00041,2,powershell.exe,payload.tmp,file,0,0,1,attack
SESSION-00041,3,powershell.exe,rundll32.exe,process,0,0,0,attack
SESSION-00041,4,rundll32.exe,credential_store,file,0,0,0,attack
SESSION-00041,5,rundll32.exe,curl.exe,process,0,0,0,attack
SESSION-00041,6,curl.exe,external_host,network,757559,1,0,attack
SESSION-00042,1,outlook.exe,pdf_reader.exe,process,0,0,0,benign
SESSION-00042,2,pdf_reader.exe,document.pdf,file,0,0,0,benign
SESSION-00043,1,teams.exe,browser.exe,process,0,0,0,benign
SESSION-00043,2,browser.exe,company_portal,network,40722,0,0,benign
SESSION-00043,3,company_portal,cache.tmp,file,0,0,0,benign
SESSION-00044,1,outlook.exe,powershell.exe,process,0,0,1,attack
SESSION-00044,2,powershell.exe,payload.tmp,file,0,0,1,attack
SESSION-00044,3,powershell.exe,rundll32.exe,process,0,0,0,attack
SESSION-00044,4,rundll32.exe,credential_store,file,0,0,0,attack
SESSION-00044,5,rundll32.exe,curl.exe,process,0,0,0,attack
SESSION-00044,6,curl.exe,external_host,network,831129,1,0,attack
SESSION-00045,1,backup.exe,archive.zip,file,0,0,0,benign
SESSION-00045,2,backup.exe,backup_server,network,21979,0,0,benign
SESSION-00046,1,outlook.exe,powershell.exe,process,0,0,1,attack
SESSION-00046,2,powershell.exe,payload.tmp,file,0,0,1,attack
SESSION-00046,3,powershell.exe,rundll32.exe,process,0,0,0,attack
SESSION-00046,4,rundll32.exe,curl.exe,process,0,0,0,attack
SESSION-00046,5,curl.exe,external_host,network,822536,1,0,attack
SESSION-00047,1,outlook.exe,pdf_reader.exe,process,0,0,0,attack
SESSION-00047,2,pdf_reader.exe,document.pdf,file,0,0,0,attack
SESSION-00048,1,explorer.exe,browser.exe,process,0,0,0,benign
SESSION-00048,2,browser.exe,trusted_api,network,49162,1,0,benign
SESSION-00049,1,python.exe,analysis.csv,file,0,0,0,benign
SESSION-00049,2,python.exe,local_database,network,21903,0,0,benign
SESSION-00050,1,backup.exe,archive.zip,file,0,0,0,benign
SESSION-00050,2,backup.exe,backup_server,network,7951,0,0,benign
SESSION-00051,1,outlook.exe,powershell.exe,process,0,0,1,attack
SESSION-00051,2,powershell.exe,payload.tmp,file,0,0,1,attack
SESSION-00051,3,powershell.exe,rundll32.exe,process,0,0,0,attack
SESSION-00051,4,rundll32.exe,credential_store,file,0,0,0,attack
SESSION-00051,5,rundll32.exe,curl.exe,process,0,0,0,attack
SESSION-00051,6,curl.exe,external_host,network,857139,1,0,attack
SESSION-00052,1,outlook.exe,pdf_reader.exe,process,0,0,0,benign
SESSION-00052,2,pdf_reader.exe,document.pdf,file,0,0,0,benign
SESSION-00052,3,document.pdf,cache.tmp,file,0,0,0,benign
SESSION-00053,1,explorer.exe,browser.exe,process,0,0,0,benign
SESSION-00053,2,browser.exe,trusted_api,network,14375,1,0,benign
SESSION-00053,3,trusted_api,cache.tmp,file,0,0,0,benign
SESSION-00054,1,python.exe,analysis.csv,file,0,0,0,benign
SESSION-00054,2,python.exe,local_database,network,33546,0,0,benign
SESSION-00054,3,local_database,cache.tmp,file,0,0,0,benign
SESSION-00055,1,outlook.exe,powershell.exe,process,0,0,1,attack
SESSION-00055,2,powershell.exe,payload.tmp,file,0,0,1,attack
SESSION-00055,3,powershell.exe,rundll32.exe,process,0,0,0,attack
SESSION-00055,4,rundll32.exe,curl.exe,process,0,0,0,attack
SESSION-00055,5,curl.exe,external_host,network,309023,1,0,attack
SESSION-00056,1,outlook.exe,powershell.exe,process,0,0,1,attack
SESSION-00056,2,powershell.exe,payload.tmp,file,0,0,1,attack
SESSION-00056,3,powershell.exe,rundll32.exe,process,0,0,0,attack
SESSION-00056,4,rundll32.exe,curl.exe,process,0,0,0,attack
SESSION-00056,5,curl.exe,external_host,network,188094,1,0,attack
SESSION-00057,1,backup.exe,archive.zip,file,0,0,0,benign
SESSION-00057,2,backup.exe,backup_server,network,52659,0,0,benign
SESSION-00058,1,python.exe,analysis.csv,file,0,0,0,benign
SESSION-00058,2,python.exe,local_database,network,9796,0,0,benign
SESSION-00059,1,explorer.exe,browser.exe,process,0,0,0,benign
SESSION-00059,2,browser.exe,trusted_api,network,32780,1,0,benign
SESSION-00060,1,backup.exe,archive.zip,file,0,0,0,benign
SESSION-00060,2,backup.exe,backup_server,network,60262,0,0,benign
SESSION-00060,3,backup_server,cache.tmp,file,0,0,0,benign
SESSION-00061,1,backup.exe,archive.zip,file,0,0,0,benign
SESSION-00061,2,backup.exe,backup_server,network,8671,0,0,benign
SESSION-00061,3,backup_server,cache.tmp,file,0,0,0,benign
SESSION-00062,1,explorer.exe,browser.exe,process,0,0,0,benign
SESSION-00062,2,browser.exe,trusted_api,network,39550,1,0,benign
SESSION-00063,1,teams.exe,browser.exe,process,0,0,0,benign
SESSION-00063,2,browser.exe,company_portal,network,51440,0,0,benign
SESSION-00063,3,company_portal,cache.tmp,file,0,0,0,benign
SESSION-00064,1,outlook.exe,powershell.exe,process,0,0,1,attack
SESSION-00064,2,powershell.exe,payload.tmp,file,0,0,1,attack
SESSION-00064,3,powershell.exe,rundll32.exe,process,0,0,0,attack
SESSION-00064,4,rundll32.exe,credential_store,file,0,0,0,attack
SESSION-00064,5,rundll32.exe,curl.exe,process,0,0,0,attack
SESSION-00064,6,curl.exe,external_host,network,285420,1,0,attack
SESSION-00065,1,teams.exe,browser.exe,process,0,0,0,benign
SESSION-00065,2,browser.exe,company_portal,network,60793,0,0,benign
SESSION-00066,1,backup.exe,archive.zip,file,0,0,0,benign
SESSION-00066,2,backup.exe,backup_server,network,60367,0,0,benign
SESSION-00067,1,python.exe,analysis.csv,file,0,0,0,benign
SESSION-00067,2,python.exe,local_database,network,35454,0,0,benign
SESSION-00067,3,local_database,cache.tmp,file,0,0,0,benign
SESSION-00068,1,outlook.exe,pdf_reader.exe,process,0,0,0,benign
SESSION-00068,2,pdf_reader.exe,document.pdf,file,0,0,0,benign
SESSION-00068,3,document.pdf,cache.tmp,file,0,0,0,benign
SESSION-00069,1,outlook.exe,powershell.exe,process,0,0,1,attack
SESSION-00069,2,powershell.exe,payload.tmp,file,0,0,1,attack
SESSION-00069,3,powershell.exe,rundll32.exe,process,0,0,0,attack
SESSION-00069,4,rundll32.exe,curl.exe,process,0,0,0,attack
SESSION-00069,5,curl.exe,external_host,network,373446,1,0,attack
SESSION-00070,1,explorer.exe,browser.exe,process,0,0,0,benign
SESSION-00070,2,browser.exe,trusted_api,network,59661,1,0,benign
SESSION-00070,3,trusted_api,cache.tmp,file,0,0,0,benign
SESSION-00071,1,outlook.exe,powershell.exe,process,0,0,1,attack
SESSION-00071,2,powershell.exe,payload.tmp,file,0,0,1,attack
SESSION-00071,3,powershell.exe,rundll32.exe,process,0,0,0,attack
SESSION-00071,4,rundll32.exe,credential_store,file,0,0,0,attack
SESSION-00071,5,rundll32.exe,curl.exe,process,0,0,0,attack
SESSION-00071,6,curl.exe,external_host,network,835195,1,0,attack
SESSION-00072,1,explorer.exe,browser.exe,process,0,0,0,attack
SESSION-00072,2,browser.exe,trusted_api,network,13002,1,0,attack
SESSION-00072,3,trusted_api,cache.tmp,file,0,0,0,attack
SESSION-00073,1,backup.exe,archive.zip,file,0,0,0,benign
SESSION-00073,2,backup.exe,backup_server,network,26798,0,0,benign
SESSION-00073,3,backup_server,cache.tmp,file,0,0,0,benign
SESSION-00074,1,teams.exe,browser.exe,process,0,0,0,benign
SESSION-00074,2,browser.exe,company_portal,network,55621,0,0,benign
SESSION-00074,3,company_portal,cache.tmp,file,0,0,0,benign
SESSION-00075,1,outlook.exe,powershell.exe,process,0,0,1,attack
SESSION-00075,2,powershell.exe,payload.tmp,file,0,0,1,attack
SESSION-00075,3,powershell.exe,rundll32.exe,process,0,0,0,attack
SESSION-00075,4,rundll32.exe,curl.exe,process,0,0,0,attack
SESSION-00075,5,curl.exe,external_host,network,267017,1,0,attack
SESSION-00076,1,outlook.exe,powershell.exe,process,0,0,1,benign
SESSION-00076,2,powershell.exe,payload.tmp,file,0,0,1,benign
SESSION-00076,3,powershell.exe,rundll32.exe,process,0,0,0,benign
SESSION-00076,4,rundll32.exe,credential_store,file,0,0,0,benign
SESSION-00076,5,rundll32.exe,curl.exe,process,0,0,0,benign
SESSION-00076,6,curl.exe,external_host,network,284497,1,0,benign
SESSION-00077,1,explorer.exe,browser.exe,process,0,0,0,benign
SESSION-00077,2,browser.exe,trusted_api,network,54507,1,0,benign
SESSION-00077,3,trusted_api,cache.tmp,file,0,0,0,benign
SESSION-00078,1,backup.exe,archive.zip,file,0,0,0,benign
SESSION-00078,2,backup.exe,backup_server,network,55145,0,0,benign
SESSION-00079,1,python.exe,analysis.csv,file,0,0,0,benign
SESSION-00079,2,python.exe,local_database,network,51107,0,0,benign
SESSION-00080,1,backup.exe,archive.zip,file,0,0,0,benign
SESSION-00080,2,backup.exe,backup_server,network,35772,0,0,benign
SESSION-00081,1,teams.exe,browser.exe,process,0,0,0,benign
SESSION-00081,2,browser.exe,company_portal,network,26260,0,0,benign
SESSION-00082,1,outlook.exe,powershell.exe,process,0,0,1,attack
SESSION-00082,2,powershell.exe,payload.tmp,file,0,0,1,attack
SESSION-00082,3,powershell.exe,rundll32.exe,process,0,0,0,attack
SESSION-00082,4,rundll32.exe,credential_store,file,0,0,0,attack
SESSION-00082,5,rundll32.exe,curl.exe,process,0,0,0,attack
SESSION-00082,6,curl.exe,external_host,network,435567,1,0,attack
SESSION-00083,1,outlook.exe,powershell.exe,process,0,0,1,attack
SESSION-00083,2,powershell.exe,payload.tmp,file,0,0,1,attack
SESSION-00083,3,powershell.exe,rundll32.exe,process,0,0,0,attack
SESSION-00083,4,rundll32.exe,credential_store,file,0,0,0,attack
SESSION-00083,5,rundll32.exe,curl.exe,process,0,0,0,attack
SESSION-00083,6,curl.exe,external_host,network,471859,1,0,attack
SESSION-00084,1,explorer.exe,browser.exe,process,0,0,0,benign
SESSION-00084,2,browser.exe,trusted_api,network,45201,1,0,benign
SESSION-00084,3,trusted_api,cache.tmp,file,0,0,0,benign
SESSION-00085,1,backup.exe,archive.zip,file,0,0,0,benign
SESSION-00085,2,backup.exe,backup_server,network,32297,0,0,benign
SESSION-00085,3,backup_server,cache.tmp,file,0,0,0,benign
SESSION-00086,1,python.exe,analysis.csv,file,0,0,0,benign
SESSION-00086,2,python.exe,local_database,network,43113,0,0,benign
SESSION-00087,1,explorer.exe,browser.exe,process,0,0,0,benign
SESSION-00087,2,browser.exe,trusted_api,network,20153,1,0,benign
SESSION-00088,1,outlook.exe,powershell.exe,process,0,0,1,attack
SESSION-00088,2,powershell.exe,payload.tmp,file,0,0,1,attack
SESSION-00088,3,powershell.exe,rundll32.exe,process,0,0,0,attack
SESSION-00088,4,rundll32.exe,credential_store,file,0,0,0,attack
SESSION-00088,5,rundll32.exe,curl.exe,process,0,0,0,attack
SESSION-00088,6,curl.exe,external_host,network,492710,1,0,attack
SESSION-00089,1,backup.exe,archive.zip,file,0,0,0,benign
SESSION-00089,2,backup.exe,backup_server,network,41177,0,0,benign
SESSION-00089,3,backup_server,cache.tmp,file,0,0,0,benign
SESSION-00090,1,teams.exe,browser.exe,process,0,0,0,benign
SESSION-00090,2,browser.exe,company_portal,network,62476,0,0,benign
SESSION-00091,1,backup.exe,archive.zip,file,0,0,0,benign
SESSION-00091,2,backup.exe,backup_server,network,64789,0,0,benign
SESSION-00092,1,outlook.exe,powershell.exe,process,0,0,1,attack
SESSION-00092,2,powershell.exe,payload.tmp,file,0,0,1,attack
SESSION-00092,3,powershell.exe,rundll32.exe,process,0,0,0,attack
SESSION-00092,4,rundll32.exe,credential_store,file,0,0,0,attack
SESSION-00092,5,rundll32.exe,curl.exe,process,0,0,0,attack
SESSION-00092,6,curl.exe,external_host,network,731994,1,0,attack
SESSION-00093,1,explorer.exe,browser.exe,process,0,0,0,benign
SESSION-00093,2,browser.exe,trusted_api,network,37591,1,0,benign
SESSION-00094,1,teams.exe,browser.exe,process,0,0,0,benign
SESSION-00094,2,browser.exe,company_portal,network,50127,0,0,benign
SESSION-00095,1,explorer.exe,browser.exe,process,0,0,0,benign
SESSION-00095,2,browser.exe,trusted_api,network,60667,1,0,benign
SESSION-00095,3,trusted_api,cache.tmp,file,0,0,0,benign
SESSION-00096,1,python.exe,analysis.csv,file,0,0,0,attack
SESSION-00096,2,python.exe,local_database,network,43445,0,0,attack
SESSION-00097,1,teams.exe,browser.exe,process,0,0,0,benign
SESSION-00097,2,browser.exe,company_portal,network,23019,0,0,benign
SESSION-00098,1,teams.exe,browser.exe,process,0,0,0,benign
SESSION-00098,2,browser.exe,company_portal,network,24944,0,0,benign
SESSION-00098,3,company_portal,cache.tmp,file,0,0,0,benign
SESSION-00099,1,outlook.exe,powershell.exe,process,0,0,1,attack
SESSION-00099,2,powershell.exe,payload.tmp,file,0,0,1,attack
SESSION-00099,3,powershell.exe,rundll32.exe,process,0,0,0,attack
SESSION-00099,4,rundll32.exe,credential_store,file,0,0,0,attack
SESSION-00099,5,rundll32.exe,curl.exe,process,0,0,0,attack
SESSION-00099,6,curl.exe,external_host,network,150732,1,0,attack
SESSION-00100,1,backup.exe,archive.zip,file,0,0,0,benign
SESSION-00100,2,backup.exe,backup_server,network,13087,0,0,benign
SESSION-00101,1,python.exe,analysis.csv,file,0,0,0,benign
SESSION-00101,2,python.exe,local_database,network,10815,0,0,benign
SESSION-00102,1,outlook.exe,pdf_reader.exe,process,0,0,0,benign
SESSION-00102,2,pdf_reader.exe,document.pdf,file,0,0,0,benign
SESSION-00102,3,document.pdf,cache.tmp,file,0,0,0,benign
SESSION-00103,1,explorer.exe,browser.exe,process,0,0,0,benign
SESSION-00103,2,browser.exe,trusted_api,network,9681,1,0,benign
SESSION-00104,1,outlook.exe,powershell.exe,process,0,0,1,benign
SESSION-00104,2,powershell.exe,payload.tmp,file,0,0,1,benign
SESSION-00104,3,powershell.exe,rundll32.exe,process,0,0,0,benign
SESSION-00104,4,rundll32.exe,curl.exe,process,0,0,0,benign
SESSION-00104,5,curl.exe,external_host,network,158455,1,0,benign
SESSION-00105,1,outlook.exe,powershell.exe,process,0,0,1,attack
SESSION-00105,2,powershell.exe,payload.tmp,file,0,0,1,attack
SESSION-00105,3,powershell.exe,rundll32.exe,process,0,0,0,attack
SESSION-00105,4,rundll32.exe,credential_store,file,0,0,0,attack
SESSION-00105,5,rundll32.exe,curl.exe,process,0,0,0,attack
SESSION-00105,6,curl.exe,external_host,network,452540,1,0,attack
SESSION-00106,1,teams.exe,browser.exe,process,0,0,0,benign
SESSION-00106,2,browser.exe,company_portal,network,51221,0,0,benign
SESSION-00106,3,company_portal,cache.tmp,file,0,0,0,benign
SESSION-00107,1,teams.exe,browser.exe,process,0,0,0,benign
SESSION-00107,2,browser.exe,company_portal,network,19886,0,0,benign
SESSION-00108,1,outlook.exe,powershell.exe,process,0,0,1,attack
SESSION-00108,2,powershell.exe,payload.tmp,file,0,0,1,attack
SESSION-00108,3,powershell.exe,rundll32.exe,process,0,0,0,attack
SESSION-00108,4,rundll32.exe,curl.exe,process,0,0,0,attack
SESSION-00108,5,curl.exe,external_host,network,99652,1,0,attack
SESSION-00109,1,outlook.exe,powershell.exe,process,0,0,1,attack
SESSION-00109,2,powershell.exe,payload.tmp,file,0,0,1,attack
SESSION-00109,3,powershell.exe,rundll32.exe,process,0,0,0,attack
SESSION-00109,4,rundll32.exe,credential_store,file,0,0,0,attack
SESSION-00109,5,rundll32.exe,curl.exe,process,0,0,0,attack
SESSION-00109,6,curl.exe,external_host,network,625861,1,0,attack
SESSION-00110,1,outlook.exe,powershell.exe,process,0,0,1,attack
SESSION-00110,2,powershell.exe,payload.tmp,file,0,0,1,attack
SESSION-00110,3,powershell.exe,rundll32.exe,process,0,0,0,attack
SESSION-00110,4,rundll32.exe,credential_store,file,0,0,0,attack
SESSION-00110,5,rundll32.exe,curl.exe,process,0,0,0,attack
SESSION-00110,6,curl.exe,external_host,network,780564,1,0,attack
SESSION-00111,1,teams.exe,browser.exe,process,0,0,0,benign
SESSION-00111,2,browser.exe,company_portal,network,59294,0,0,benign
SESSION-00111,3,company_portal,cache.tmp,file,0,0,0,benign
SESSION-00112,1,outlook.exe,powershell.exe,process,0,0,1,attack
SESSION-00112,2,powershell.exe,payload.tmp,file,0,0,1,attack
SESSION-00112,3,powershell.exe,rundll32.exe,process,0,0,0,attack
SESSION-00112,4,rundll32.exe,curl.exe,process,0,0,0,attack
SESSION-00112,5,curl.exe,external_host,network,109653,1,0,attack
SESSION-00113,1,outlook.exe,powershell.exe,process,0,0,1,attack
SESSION-00113,2,powershell.exe,payload.tmp,file,0,0,1,attack
SESSION-00113,3,powershell.exe,rundll32.exe,process,0,0,0,attack
SESSION-00113,4,rundll32.exe,curl.exe,process,0,0,0,attack
SESSION-00113,5,curl.exe,external_host,network,280803,1,0,attack
SESSION-00114,1,explorer.exe,browser.exe,process,0,0,0,benign
SESSION-00114,2,browser.exe,trusted_api,network,55306,1,0,benign
SESSION-00115,1,outlook.exe,powershell.exe,process,0,0,1,attack
SESSION-00115,2,powershell.exe,payload.tmp,file,0,0,1,attack
SESSION-00115,3,powershell.exe,rundll32.exe,process,0,0,0,attack
SESSION-00115,4,rundll32.exe,credential_store,file,0,0,0,attack
SESSION-00115,5,rundll32.exe,curl.exe,process,0,0,0,attack
SESSION-00115,6,curl.exe,external_host,network,652459,1,0,attack
SESSION-00116,1,python.exe,analysis.csv,file,0,0,0,benign
SESSION-00116,2,python.exe,local_database,network,41690,0,0,benign
SESSION-00117,1,outlook.exe,powershell.exe,process,0,0,1,attack
SESSION-00117,2,powershell.exe,payload.tmp,file,0,0,1,attack
SESSION-00117,3,powershell.exe,rundll32.exe,process,0,0,0,attack
SESSION-00117,4,rundll32.exe,credential_store,file,0,0,0,attack
SESSION-00117,5,rundll32.exe,curl.exe,process,0,0,0,attack
SESSION-00117,6,curl.exe,external_host,network,123481,1,0,attack
SESSION-00118,1,explorer.exe,browser.exe,process,0,0,0,benign
SESSION-00118,2,browser.exe,trusted_api,network,49213,1,0,benign
SESSION-00118,3,trusted_api,cache.tmp,file,0,0,0,benign
SESSION-00119,1,outlook.exe,powershell.exe,process,0,0,1,benign
SESSION-00119,2,powershell.exe,payload.tmp,file,0,0,1,benign
SESSION-00119,3,powershell.exe,rundll32.exe,process,0,0,0,benign
SESSION-00119,4,rundll32.exe,curl.exe,process,0,0,0,benign
SESSION-00119,5,curl.exe,external_host,network,581465,1,0,benign
SESSION-00120,1,outlook.exe,pdf_reader.exe,process,0,0,0,benign
SESSION-00120,2,pdf_reader.exe,document.pdf,file,0,0,0,benign
SESSION-00120,3,document.pdf,cache.tmp,file,0,0,0,benign
SESSION-00121,1,explorer.exe,browser.exe,process,0,0,0,benign
SESSION-00121,2,browser.exe,trusted_api,network,36209,1,0,benign
SESSION-00122,1,teams.exe,browser.exe,process,0,0,0,benign
SESSION-00122,2,browser.exe,company_portal,network,17642,0,0,benign
SESSION-00122,3,company_portal,cache.tmp,file,0,0,0,benign
SESSION-00123,1,backup.exe,archive.zip,file,0,0,0,benign
SESSION-00123,2,backup.exe,backup_server,network,18222,0,0,benign
SESSION-00124,1,outlook.exe,powershell.exe,process,0,0,1,attack
SESSION-00124,2,powershell.exe,payload.tmp,file,0,0,1,attack
SESSION-00124,3,powershell.exe,rundll32.exe,process,0,0,0,attack
SESSION-00124,4,rundll32.exe,credential_store,file,0,0,0,attack
SESSION-00124,5,rundll32.exe,curl.exe,process,0,0,0,attack
SESSION-00124,6,curl.exe,external_host,network,612371,1,0,attack
SESSION-00125,1,backup.exe,archive.zip,file,0,0,0,benign
SESSION-00125,2,backup.exe,backup_server,network,10447,0,0,benign
SESSION-00125,3,backup_server,cache.tmp,file,0,0,0,benign
SESSION-00126,1,teams.exe,browser.exe,process,0,0,0,benign
SESSION-00126,2,browser.exe,company_portal,network,40492,0,0,benign
SESSION-00127,1,backup.exe,archive.zip,file,0,0,0,benign
SESSION-00127,2,backup.exe,backup_server,network,15710,0,0,benign
SESSION-00128,1,outlook.exe,powershell.exe,process,0,0,1,benign
SESSION-00128,2,powershell.exe,payload.tmp,file,0,0,1,benign
SESSION-00128,3,powershell.exe,rundll32.exe,process,0,0,0,benign
SESSION-00128,4,rundll32.exe,curl.exe,process,0,0,0,benign
SESSION-00128,5,curl.exe,external_host,network,324910,1,0,benign
SESSION-00129,1,outlook.exe,powershell.exe,process,0,0,1,attack
SESSION-00129,2,powershell.exe,payload.tmp,file,0,0,1,attack
SESSION-00129,3,powershell.exe,rundll32.exe,process,0,0,0,attack
SESSION-00129,4,rundll32.exe,curl.exe,process,0,0,0,attack
SESSION-00129,5,curl.exe,external_host,network,423088,1,0,attack
SESSION-00130,1,python.exe,analysis.csv,file,0,0,0,benign
SESSION-00130,2,python.exe,local_database,network,43103,0,0,benign
SESSION-00130,3,local_database,cache.tmp,file,0,0,0,benign
SESSION-00131,1,explorer.exe,browser.exe,process,0,0,0,benign
SESSION-00131,2,browser.exe,trusted_api,network,29179,1,0,benign
SESSION-00132,1,backup.exe,archive.zip,file,0,0,0,benign
SESSION-00132,2,backup.exe,backup_server,network,48412,0,0,benign
SESSION-00133,1,teams.exe,browser.exe,process,0,0,0,benign
SESSION-00133,2,browser.exe,company_portal,network,34777,0,0,benign
SESSION-00134,1,outlook.exe,pdf_reader.exe,process,0,0,0,benign
SESSION-00134,2,pdf_reader.exe,document.pdf,file,0,0,0,benign
SESSION-00134,3,document.pdf,cache.tmp,file,0,0,0,benign
SESSION-00135,1,outlook.exe,powershell.exe,process,0,0,1,attack
SESSION-00135,2,powershell.exe,payload.tmp,file,0,0,1,attack
SESSION-00135,3,powershell.exe,rundll32.exe,process,0,0,0,attack
SESSION-00135,4,rundll32.exe,credential_store,file,0,0,0,attack
SESSION-00135,5,rundll32.exe,curl.exe,process,0,0,0,attack
SESSION-00135,6,curl.exe,external_host,network,485196,1,0,attack
SESSION-00136,1,outlook.exe,powershell.exe,process,0,0,1,attack
SESSION-00136,2,powershell.exe,payload.tmp,file,0,0,1,attack
SESSION-00136,3,powershell.exe,rundll32.exe,process,0,0,0,attack
SESSION-00136,4,rundll32.exe,credential_store,file,0,0,0,attack
SESSION-00136,5,rundll32.exe,curl.exe,process,0,0,0,attack
SESSION-00136,6,curl.exe,external_host,network,479799,1,0,attack
SESSION-00137,1,outlook.exe,powershell.exe,process,0,0,1,benign
SESSION-00137,2,powershell.exe,payload.tmp,file,0,0,1,benign
SESSION-00137,3,powershell.exe,rundll32.exe,process,0,0,0,benign
SESSION-00137,4,rundll32.exe,curl.exe,process,0,0,0,benign
SESSION-00137,5,curl.exe,external_host,network,221855,1,0,benign
SESSION-00138,1,teams.exe,browser.exe,process,0,0,0,benign
SESSION-00138,2,browser.exe,company_portal,network,11677,0,0,benign
SESSION-00139,1,outlook.exe,powershell.exe,process,0,0,1,attack
SESSION-00139,2,powershell.exe,payload.tmp,file,0,0,1,attack
SESSION-00139,3,powershell.exe,rundll32.exe,process,0,0,0,attack
SESSION-00139,4,rundll32.exe,curl.exe,process,0,0,0,attack
SESSION-00139,5,curl.exe,external_host,network,491430,1,0,attack
SESSION-00140,1,backup.exe,archive.zip,file,0,0,0,benign
SESSION-00140,2,backup.exe,backup_server,network,50547,0,0,benign
SESSION-00141,1,teams.exe,browser.exe,process,0,0,0,benign
SESSION-00141,2,browser.exe,company_portal,network,23018,0,0,benign
SESSION-00141,3,company_portal,cache.tmp,file,0,0,0,benign
SESSION-00142,1,explorer.exe,browser.exe,process,0,0,0,benign
SESSION-00142,2,browser.exe,trusted_api,network,46824,1,0,benign
SESSION-00143,1,explorer.exe,browser.exe,process,0,0,0,benign
SESSION-00143,2,browser.exe,trusted_api,network,14630,1,0,benign
SESSION-00144,1,outlook.exe,powershell.exe,process,0,0,1,attack
SESSION-00144,2,powershell.exe,payload.tmp,file,0,0,1,attack
SESSION-00144,3,powershell.exe,rundll32.exe,process,0,0,0,attack
SESSION-00144,4,rundll32.exe,credential_store,file,0,0,0,attack
SESSION-00144,5,rundll32.exe,curl.exe,process,0,0,0,attack
SESSION-00144,6,curl.exe,external_host,network,768037,1,0,attack
SESSION-00145,1,outlook.exe,powershell.exe,process,0,0,1,attack
SESSION-00145,2,powershell.exe,payload.tmp,file,0,0,1,attack
SESSION-00145,3,powershell.exe,rundll32.exe,process,0,0,0,attack
SESSION-00145,4,rundll32.exe,curl.exe,process,0,0,0,attack
SESSION-00145,5,curl.exe,external_host,network,113806,1,0,attack
SESSION-00146,1,outlook.exe,powershell.exe,process,0,0,1,attack
SESSION-00146,2,powershell.exe,payload.tmp,file,0,0,1,attack
SESSION-00146,3,powershell.exe,rundll32.exe,process,0,0,0,attack
SESSION-00146,4,rundll32.exe,curl.exe,process,0,0,0,attack
SESSION-00146,5,curl.exe,external_host,network,435698,1,0,attack
SESSION-00147,1,outlook.exe,powershell.exe,process,0,0,1,attack
SESSION-00147,2,powershell.exe,payload.tmp,file,0,0,1,attack
SESSION-00147,3,powershell.exe,rundll32.exe,process,0,0,0,attack
SESSION-00147,4,rundll32.exe,curl.exe,process,0,0,0,attack
SESSION-00147,5,curl.exe,external_host,network,237900,1,0,attack
SESSION-00148,1,outlook.exe,pdf_reader.exe,process,0,0,0,benign
SESSION-00148,2,pdf_reader.exe,document.pdf,file,0,0,0,benign
SESSION-00148,3,document.pdf,cache.tmp,file,0,0,0,benign
SESSION-00149,1,outlook.exe,powershell.exe,process,0,0,1,attack
SESSION-00149,2,powershell.exe,payload.tmp,file,0,0,1,attack
SESSION-00149,3,powershell.exe,rundll32.exe,process,0,0,0,attack
SESSION-00149,4,rundll32.exe,curl.exe,process,0,0,0,attack
SESSION-00149,5,curl.exe,external_host,network,780379,1,0,attack
SESSION-00150,1,teams.exe,browser.exe,process,0,0,0,benign
SESSION-00150,2,browser.exe,company_portal,network,40671,0,0,benign
SESSION-00151,1,explorer.exe,browser.exe,process,0,0,0,benign
SESSION-00151,2,browser.exe,trusted_api,network,60677,1,0,benign
SESSION-00152,1,backup.exe,archive.zip,file,0,0,0,benign
SESSION-00152,2,backup.exe,backup_server,network,25301,0,0,benign
SESSION-00153,1,python.exe,analysis.csv,file,0,0,0,benign
SESSION-00153,2,python.exe,local_database,network,26205,0,0,benign
SESSION-00154,1,outlook.exe,pdf_reader.exe,process,0,0,0,benign
SESSION-00154,2,pdf_reader.exe,document.pdf,file,0,0,0,benign
SESSION-00155,1,outlook.exe,pdf_reader.exe,process,0,0,0,benign
SESSION-00155,2,pdf_reader.exe,document.pdf,file,0,0,0,benign
SESSION-00155,3,document.pdf,cache.tmp,file,0,0,0,benign
SESSION-00156,1,explorer.exe,browser.exe,process,0,0,0,attack
SESSION-00156,2,browser.exe,trusted_api,network,40301,1,0,attack
SESSION-00157,1,backup.exe,archive.zip,file,0,0,0,benign
SESSION-00157,2,backup.exe,backup_server,network,37691,0,0,benign
SESSION-00157,3,backup_server,cache.tmp,file,0,0,0,benign
SESSION-00158,1,explorer.exe,browser.exe,process,0,0,0,benign
SESSION-00158,2,browser.exe,trusted_api,network,46949,1,0,benign
SESSION-00159,1,backup.exe,archive.zip,file,0,0,0,benign
SESSION-00159,2,backup.exe,backup_server,network,43005,0,0,benign
SESSION-00160,1,backup.exe,archive.zip,file,0,0,0,benign
SESSION-00160,2,backup.exe,backup_server,network,31026,0,0,benign
SESSION-00160,3,backup_server,cache.tmp,file,0,0,0,benign
SESSION-00161,1,backup.exe,archive.zip,file,0,0,0,benign
SESSION-00161,2,backup.exe,backup_server,network,42929,0,0,benign
SESSION-00162,1,python.exe,analysis.csv,file,0,0,0,benign
SESSION-00162,2,python.exe,local_database,network,11702,0,0,benign
SESSION-00163,1,outlook.exe,pdf_reader.exe,process,0,0,0,benign
SESSION-00163,2,pdf_reader.exe,document.pdf,file,0,0,0,benign
SESSION-00163,3,document.pdf,cache.tmp,file,0,0,0,benign
SESSION-00164,1,outlook.exe,powershell.exe,process,0,0,1,attack
SESSION-00164,2,powershell.exe,payload.tmp,file,0,0,1,attack
SESSION-00164,3,powershell.exe,rundll32.exe,process,0,0,0,attack
SESSION-00164,4,rundll32.exe,curl.exe,process,0,0,0,attack
SESSION-00164,5,curl.exe,external_host,network,869868,1,0,attack
SESSION-00165,1,python.exe,analysis.csv,file,0,0,0,benign
SESSION-00165,2,python.exe,local_database,network,17240,0,0,benign
SESSION-00166,1,outlook.exe,powershell.exe,process,0,0,1,attack
SESSION-00166,2,powershell.exe,payload.tmp,file,0,0,1,attack
SESSION-00166,3,powershell.exe,rundll32.exe,process,0,0,0,attack
SESSION-00166,4,rundll32.exe,curl.exe,process,0,0,0,attack
SESSION-00166,5,curl.exe,external_host,network,417492,1,0,attack
SESSION-00167,1,outlook.exe,pdf_reader.exe,process,0,0,0,benign
SESSION-00167,2,pdf_reader.exe,document.pdf,file,0,0,0,benign
SESSION-00168,1,explorer.exe,browser.exe,process,0,0,0,attack
SESSION-00168,2,browser.exe,trusted_api,network,60688,1,0,attack
SESSION-00169,1,teams.exe,browser.exe,process,0,0,0,benign
SESSION-00169,2,browser.exe,company_portal,network,48611,0,0,benign
SESSION-00170,1,outlook.exe,powershell.exe,process,0,0,1,attack
SESSION-00170,2,powershell.exe,payload.tmp,file,0,0,1,attack
SESSION-00170,3,powershell.exe,rundll32.exe,process,0,0,0,attack
SESSION-00170,4,rundll32.exe,curl.exe,process,0,0,0,attack
SESSION-00170,5,curl.exe,external_host,network,686333,1,0,attack
SESSION-00171,1,outlook.exe,powershell.exe,process,0,0,1,benign
SESSION-00171,2,powershell.exe,payload.tmp,file,0,0,1,benign
SESSION-00171,3,powershell.exe,rundll32.exe,process,0,0,0,benign
SESSION-00171,4,rundll32.exe,curl.exe,process,0,0,0,benign
SESSION-00171,5,curl.exe,external_host,network,860408,1,0,benign
SESSION-00172,1,outlook.exe,powershell.exe,process,0,0,1,attack
SESSION-00172,2,powershell.exe,payload.tmp,file,0,0,1,attack
SESSION-00172,3,powershell.exe,rundll32.exe,process,0,0,0,attack
SESSION-00172,4,rundll32.exe,curl.exe,process,0,0,0,attack
SESSION-00172,5,curl.exe,external_host,network,501996,1,0,attack
SESSION-00173,1,python.exe,analysis.csv,file,0,0,0,benign
SESSION-00173,2,python.exe,local_database,network,55725,0,0,benign
SESSION-00173,3,local_database,cache.tmp,file,0,0,0,benign
SESSION-00174,1,teams.exe,browser.exe,process,0,0,0,benign
SESSION-00174,2,browser.exe,company_portal,network,39190,0,0,benign
SESSION-00175,1,outlook.exe,powershell.exe,process,0,0,1,attack
SESSION-00175,2,powershell.exe,payload.tmp,file,0,0,1,attack
SESSION-00175,3,powershell.exe,rundll32.exe,process,0,0,0,attack
SESSION-00175,4,rundll32.exe,credential_store,file,0,0,0,attack
SESSION-00175,5,rundll32.exe,curl.exe,process,0,0,0,attack
SESSION-00175,6,curl.exe,external_host,network,790400,1,0,attack
SESSION-00176,1,explorer.exe,browser.exe,process,0,0,0,benign
SESSION-00176,2,browser.exe,trusted_api,network,28767,1,0,benign
SESSION-00177,1,outlook.exe,powershell.exe,process,0,0,1,attack
SESSION-00177,2,powershell.exe,payload.tmp,file,0,0,1,attack
SESSION-00177,3,powershell.exe,rundll32.exe,process,0,0,0,attack
SESSION-00177,4,rundll32.exe,credential_store,file,0,0,0,attack
SESSION-00177,5,rundll32.exe,curl.exe,process,0,0,0,attack
SESSION-00177,6,curl.exe,external_host,network,742093,1,0,attack
SESSION-00178,1,backup.exe,archive.zip,file,0,0,0,benign
SESSION-00178,2,backup.exe,backup_server,network,46155,0,0,benign
SESSION-00179,1,outlook.exe,pdf_reader.exe,process,0,0,0,benign
SESSION-00179,2,pdf_reader.exe,document.pdf,file,0,0,0,benign
SESSION-00179,3,document.pdf,cache.tmp,file,0,0,0,benign
SESSION-00180,1,python.exe,analysis.csv,file,0,0,0,benign
SESSION-00180,2,python.exe,local_database,network,24104,0,0,benign
SESSION-00180,3,local_database,cache.tmp,file,0,0,0,benign
SESSION-00181,1,outlook.exe,pdf_reader.exe,process,0,0,0,benign
SESSION-00181,2,pdf_reader.exe,document.pdf,file,0,0,0,benign
SESSION-00181,3,document.pdf,cache.tmp,file,0,0,0,benign
SESSION-00182,1,backup.exe,archive.zip,file,0,0,0,benign
SESSION-00182,2,backup.exe,backup_server,network,49373,0,0,benign
SESSION-00183,1,outlook.exe,powershell.exe,process,0,0,1,attack
SESSION-00183,2,powershell.exe,payload.tmp,file,0,0,1,attack
SESSION-00183,3,powershell.exe,rundll32.exe,process,0,0,0,attack
SESSION-00183,4,rundll32.exe,credential_store,file,0,0,0,attack
SESSION-00183,5,rundll32.exe,curl.exe,process,0,0,0,attack
SESSION-00183,6,curl.exe,external_host,network,396784,1,0,attack
SESSION-00184,1,outlook.exe,pdf_reader.exe,process,0,0,0,benign
SESSION-00184,2,pdf_reader.exe,document.pdf,file,0,0,0,benign
SESSION-00185,1,explorer.exe,browser.exe,process,0,0,0,benign
SESSION-00185,2,browser.exe,trusted_api,network,20861,1,0,benign
SESSION-00185,3,trusted_api,cache.tmp,file,0,0,0,benign
SESSION-00186,1,outlook.exe,pdf_reader.exe,process,0,0,0,benign
SESSION-00186,2,pdf_reader.exe,document.pdf,file,0,0,0,benign
SESSION-00186,3,document.pdf,cache.tmp,file,0,0,0,benign
SESSION-00187,1,backup.exe,archive.zip,file,0,0,0,benign
SESSION-00187,2,backup.exe,backup_server,network,38856,0,0,benign
SESSION-00188,1,teams.exe,browser.exe,process,0,0,0,benign
SESSION-00188,2,browser.exe,company_portal,network,39108,0,0,benign
SESSION-00189,1,teams.exe,browser.exe,process,0,0,0,benign
SESSION-00189,2,browser.exe,company_portal,network,31627,0,0,benign
SESSION-00190,1,outlook.exe,powershell.exe,process,0,0,1,attack
SESSION-00190,2,powershell.exe,payload.tmp,file,0,0,1,attack
SESSION-00190,3,powershell.exe,rundll32.exe,process,0,0,0,attack
SESSION-00190,4,rundll32.exe,curl.exe,process,0,0,0,attack
SESSION-00190,5,curl.exe,external_host,network,231847,1,0,attack
SESSION-00191,1,explorer.exe,browser.exe,process,0,0,0,benign
SESSION-00191,2,browser.exe,trusted_api,network,4258,1,0,benign
SESSION-00192,1,explorer.exe,browser.exe,process,0,0,0,attack
SESSION-00192,2,browser.exe,trusted_api,network,17502,1,0,attack
SESSION-00192,3,trusted_api,cache.tmp,file,0,0,0,attack
SESSION-00193,1,teams.exe,browser.exe,process,0,0,0,benign
SESSION-00193,2,browser.exe,company_portal,network,21691,0,0,benign
SESSION-00193,3,company_portal,cache.tmp,file,0,0,0,benign
SESSION-00194,1,outlook.exe,powershell.exe,process,0,0,1,attack
SESSION-00194,2,powershell.exe,payload.tmp,file,0,0,1,attack
SESSION-00194,3,powershell.exe,rundll32.exe,process,0,0,0,attack
SESSION-00194,4,rundll32.exe,curl.exe,process,0,0,0,attack
SESSION-00194,5,curl.exe,external_host,network,717564,1,0,attack
SESSION-00195,1,outlook.exe,powershell.exe,process,0,0,1,attack
SESSION-00195,2,powershell.exe,payload.tmp,file,0,0,1,attack
SESSION-00195,3,powershell.exe,rundll32.exe,process,0,0,0,attack
SESSION-00195,4,rundll32.exe,credential_store,file,0,0,0,attack
SESSION-00195,5,rundll32.exe,curl.exe,process,0,0,0,attack
SESSION-00195,6,curl.exe,external_host,network,129633,1,0,attack
SESSION-00196,1,outlook.exe,powershell.exe,process,0,0,1,benign
SESSION-00196,2,powershell.exe,payload.tmp,file,0,0,1,benign
SESSION-00196,3,powershell.exe,rundll32.exe,process,0,0,0,benign
SESSION-00196,4,rundll32.exe,curl.exe,process,0,0,0,benign
SESSION-00196,5,curl.exe,external_host,network,317794,1,0,benign
SESSION-00197,1,outlook.exe,powershell.exe,process,0,0,1,attack
SESSION-00197,2,powershell.exe,payload.tmp,file,0,0,1,attack
SESSION-00197,3,powershell.exe,rundll32.exe,process,0,0,0,attack
SESSION-00197,4,rundll32.exe,curl.exe,process,0,0,0,attack
SESSION-00197,5,curl.exe,external_host,network,171897,1,0,attack
SESSION-00198,1,python.exe,analysis.csv,file,0,0,0,benign
SESSION-00198,2,python.exe,local_database,network,51176,0,0,benign
SESSION-00199,1,outlook.exe,powershell.exe,process,0,0,1,attack
SESSION-00199,2,powershell.exe,payload.tmp,file,0,0,1,attack
SESSION-00199,3,powershell.exe,rundll32.exe,process,0,0,0,attack
SESSION-00199,4,rundll32.exe,curl.exe,process,0,0,0,attack
SESSION-00199,5,curl.exe,external_host,network,569920,1,0,attack
SESSION-00200,1,outlook.exe,pdf_reader.exe,process,0,0,0,benign
SESSION-00200,2,pdf_reader.exe,document.pdf,file,0,0,0,benign
SESSION-00200,3,document.pdf,cache.tmp,file,0,0,0,benign
SESSION-00201,1,outlook.exe,powershell.exe,process,0,0,1,benign
SESSION-00201,2,powershell.exe,payload.tmp,file,0,0,1,benign
SESSION-00201,3,powershell.exe,rundll32.exe,process,0,0,0,benign
SESSION-00201,4,rundll32.exe,curl.exe,process,0,0,0,benign
SESSION-00201,5,curl.exe,external_host,network,485709,1,0,benign
SESSION-00202,1,python.exe,analysis.csv,file,0,0,0,attack
SESSION-00202,2,python.exe,local_database,network,22098,0,0,attack
SESSION-00203,1,outlook.exe,powershell.exe,process,0,0,1,attack
SESSION-00203,2,powershell.exe,payload.tmp,file,0,0,1,attack
SESSION-00203,3,powershell.exe,rundll32.exe,process,0,0,0,attack
SESSION-00203,4,rundll32.exe,credential_store,file,0,0,0,attack
SESSION-00203,5,rundll32.exe,curl.exe,process,0,0,0,attack
SESSION-00203,6,curl.exe,external_host,network,193328,1,0,attack
SESSION-00204,1,outlook.exe,powershell.exe,process,0,0,1,attack
SESSION-00204,2,powershell.exe,payload.tmp,file,0,0,1,attack
SESSION-00204,3,powershell.exe,rundll32.exe,process,0,0,0,attack
SESSION-00204,4,rundll32.exe,curl.exe,process,0,0,0,attack
SESSION-00204,5,curl.exe,external_host,network,469911,1,0,attack
SESSION-00205,1,outlook.exe,pdf_reader.exe,process,0,0,0,benign
SESSION-00205,2,pdf_reader.exe,document.pdf,file,0,0,0,benign
SESSION-00205,3,document.pdf,cache.tmp,file,0,0,0,benign
SESSION-00206,1,python.exe,analysis.csv,file,0,0,0,benign
SESSION-00206,2,python.exe,local_database,network,12252,0,0,benign
SESSION-00207,1,outlook.exe,pdf_reader.exe,process,0,0,0,benign
SESSION-00207,2,pdf_reader.exe,document.pdf,file,0,0,0,benign
SESSION-00208,1,backup.exe,archive.zip,file,0,0,0,benign
SESSION-00208,2,backup.exe,backup_server,network,7005,0,0,benign
SESSION-00209,1,outlook.exe,pdf_reader.exe,process,0,0,0,benign
SESSION-00209,2,pdf_reader.exe,document.pdf,file,0,0,0,benign
SESSION-00210,1,outlook.exe,powershell.exe,process,0,0,1,attack
SESSION-00210,2,powershell.exe,payload.tmp,file,0,0,1,attack
SESSION-00210,3,powershell.exe,rundll32.exe,process,0,0,0,attack
SESSION-00210,4,rundll32.exe,credential_store,file,0,0,0,attack
SESSION-00210,5,rundll32.exe,curl.exe,process,0,0,0,attack
SESSION-00210,6,curl.exe,external_host,network,601283,1,0,attack
SESSION-00211,1,outlook.exe,powershell.exe,process,0,0,1,attack
SESSION-00211,2,powershell.exe,payload.tmp,file,0,0,1,attack
SESSION-00211,3,powershell.exe,rundll32.exe,process,0,0,0,attack
SESSION-00211,4,rundll32.exe,credential_store,file,0,0,0,attack
SESSION-00211,5,rundll32.exe,curl.exe,process,0,0,0,attack
SESSION-00211,6,curl.exe,external_host,network,340461,1,0,attack
SESSION-00212,1,outlook.exe,powershell.exe,process,0,0,1,attack
SESSION-00212,2,powershell.exe,payload.tmp,file,0,0,1,attack
SESSION-00212,3,powershell.exe,rundll32.exe,process,0,0,0,attack
SESSION-00212,4,rundll32.exe,curl.exe,process,0,0,0,attack
SESSION-00212,5,curl.exe,external_host,network,773095,1,0,attack
SESSION-00213,1,teams.exe,browser.exe,process,0,0,0,benign
SESSION-00213,2,browser.exe,company_portal,network,11320,0,0,benign
SESSION-00213,3,company_portal,cache.tmp,file,0,0,0,benign
SESSION-00214,1,outlook.exe,powershell.exe,process,0,0,1,attack
SESSION-00214,2,powershell.exe,payload.tmp,file,0,0,1,attack
SESSION-00214,3,powershell.exe,rundll32.exe,process,0,0,0,attack
SESSION-00214,4,rundll32.exe,credential_store,file,0,0,0,attack
SESSION-00214,5,rundll32.exe,curl.exe,process,0,0,0,attack
SESSION-00214,6,curl.exe,external_host,network,566941,1,0,attack
SESSION-00215,1,outlook.exe,pdf_reader.exe,process,0,0,0,benign
SESSION-00215,2,pdf_reader.exe,document.pdf,file,0,0,0,benign
SESSION-00215,3,document.pdf,cache.tmp,file,0,0,0,benign
SESSION-00216,1,explorer.exe,browser.exe,process,0,0,0,benign
SESSION-00216,2,browser.exe,trusted_api,network,26455,1,0,benign
SESSION-00217,1,explorer.exe,browser.exe,process,0,0,0,benign
SESSION-00217,2,browser.exe,trusted_api,network,12420,1,0,benign
SESSION-00217,3,trusted_api,cache.tmp,file,0,0,0,benign
SESSION-00218,1,outlook.exe,powershell.exe,process,0,0,1,attack
SESSION-00218,2,powershell.exe,payload.tmp,file,0,0,1,attack
SESSION-00218,3,powershell.exe,rundll32.exe,process,0,0,0,attack
SESSION-00218,4,rundll32.exe,credential_store,file,0,0,0,attack
SESSION-00218,5,rundll32.exe,curl.exe,process,0,0,0,attack
SESSION-00218,6,curl.exe,external_host,network,589869,1,0,attack
SESSION-00219,1,explorer.exe,browser.exe,process,0,0,0,benign
SESSION-00219,2,browser.exe,trusted_api,network,3144,1,0,benign
SESSION-00220,1,outlook.exe,powershell.exe,process,0,0,1,attack
SESSION-00220,2,powershell.exe,payload.tmp,file,0,0,1,attack
SESSION-00220,3,powershell.exe,rundll32.exe,process,0,0,0,attack
SESSION-00220,4,rundll32.exe,curl.exe,process,0,0,0,attack
SESSION-00220,5,curl.exe,external_host,network,768005,1,0,attack
SESSION-00221,1,outlook.exe,pdf_reader.exe,process,0,0,0,benign
SESSION-00221,2,pdf_reader.exe,document.pdf,file,0,0,0,benign
SESSION-00222,1,outlook.exe,pdf_reader.exe,process,0,0,0,benign
SESSION-00222,2,pdf_reader.exe,document.pdf,file,0,0,0,benign
SESSION-00223,1,teams.exe,browser.exe,process,0,0,0,benign
SESSION-00223,2,browser.exe,company_portal,network,61385,0,0,benign
SESSION-00224,1,explorer.exe,browser.exe,process,0,0,0,benign
SESSION-00224,2,browser.exe,trusted_api,network,61186,1,0,benign
SESSION-00225,1,explorer.exe,browser.exe,process,0,0,0,benign
SESSION-00225,2,browser.exe,trusted_api,network,31534,1,0,benign
SESSION-00226,1,outlook.exe,powershell.exe,process,0,0,1,attack
SESSION-00226,2,powershell.exe,payload.tmp,file,0,0,1,attack
SESSION-00226,3,powershell.exe,rundll32.exe,process,0,0,0,attack
SESSION-00226,4,rundll32.exe,curl.exe,process,0,0,0,attack
SESSION-00226,5,curl.exe,external_host,network,202486,1,0,attack
SESSION-00227,1,outlook.exe,pdf_reader.exe,process,0,0,0,benign
SESSION-00227,2,pdf_reader.exe,document.pdf,file,0,0,0,benign
SESSION-00228,1,python.exe,analysis.csv,file,0,0,0,benign
SESSION-00228,2,python.exe,local_database,network,28019,0,0,benign
SESSION-00229,1,python.exe,analysis.csv,file,0,0,0,benign
SESSION-00229,2,python.exe,local_database,network,61834,0,0,benign
SESSION-00229,3,local_database,cache.tmp,file,0,0,0,benign
SESSION-00230,1,python.exe,analysis.csv,file,0,0,0,benign
SESSION-00230,2,python.exe,local_database,network,56255,0,0,benign
SESSION-00230,3,local_database,cache.tmp,file,0,0,0,benign
SESSION-00231,1,outlook.exe,powershell.exe,process,0,0,1,attack
SESSION-00231,2,powershell.exe,payload.tmp,file,0,0,1,attack
SESSION-00231,3,powershell.exe,rundll32.exe,process,0,0,0,attack
SESSION-00231,4,rundll32.exe,credential_store,file,0,0,0,attack
SESSION-00231,5,rundll32.exe,curl.exe,process,0,0,0,attack
SESSION-00231,6,curl.exe,external_host,network,734439,1,0,attack
SESSION-00232,1,backup.exe,archive.zip,file,0,0,0,benign
SESSION-00232,2,backup.exe,backup_server,network,47316,0,0,benign
SESSION-00233,1,outlook.exe,pdf_reader.exe,process,0,0,0,benign
SESSION-00233,2,pdf_reader.exe,document.pdf,file,0,0,0,benign
SESSION-00234,1,teams.exe,browser.exe,process,0,0,0,benign
SESSION-00234,2,browser.exe,company_portal,network,38274,0,0,benign
SESSION-00235,1,outlook.exe,powershell.exe,process,0,0,1,attack
SESSION-00235,2,powershell.exe,payload.tmp,file,0,0,1,attack
SESSION-00235,3,powershell.exe,rundll32.exe,process,0,0,0,attack
SESSION-00235,4,rundll32.exe,credential_store,file,0,0,0,attack
SESSION-00235,5,rundll32.exe,curl.exe,process,0,0,0,attack
SESSION-00235,6,curl.exe,external_host,network,847012,1,0,attack
SESSION-00236,1,outlook.exe,powershell.exe,process,0,0,1,attack
SESSION-00236,2,powershell.exe,payload.tmp,file,0,0,1,attack
SESSION-00236,3,powershell.exe,rundll32.exe,process,0,0,0,attack
SESSION-00236,4,rundll32.exe,credential_store,file,0,0,0,attack
SESSION-00236,5,rundll32.exe,curl.exe,process,0,0,0,attack
SESSION-00236,6,curl.exe,external_host,network,332392,1,0,attack
SESSION-00237,1,teams.exe,browser.exe,process,0,0,0,benign
SESSION-00237,2,browser.exe,company_portal,network,14486,0,0,benign
SESSION-00238,1,explorer.exe,browser.exe,process,0,0,0,benign
SESSION-00238,2,browser.exe,trusted_api,network,32117,1,0,benign
SESSION-00238,3,trusted_api,cache.tmp,file,0,0,0,benign
SESSION-00239,1,outlook.exe,pdf_reader.exe,process,0,0,0,benign
SESSION-00239,2,pdf_reader.exe,document.pdf,file,0,0,0,benign
SESSION-00239,3,document.pdf,cache.tmp,file,0,0,0,benign
SESSION-00240,1,outlook.exe,powershell.exe,process,0,0,1,attack
SESSION-00240,2,powershell.exe,payload.tmp,file,0,0,1,attack
SESSION-00240,3,powershell.exe,rundll32.exe,process,0,0,0,attack
SESSION-00240,4,rundll32.exe,curl.exe,process,0,0,0,attack
SESSION-00240,5,curl.exe,external_host,network,153669,1,0,attack
SESSION-00241,1,backup.exe,archive.zip,file,0,0,0,benign
SESSION-00241,2,backup.exe,backup_server,network,16743,0,0,benign
SESSION-00241,3,backup_server,cache.tmp,file,0,0,0,benign
SESSION-00242,1,outlook.exe,pdf_reader.exe,process,0,0,0,benign
SESSION-00242,2,pdf_reader.exe,document.pdf,file,0,0,0,benign
SESSION-00243,1,outlook.exe,pdf_reader.exe,process,0,0,0,benign
SESSION-00243,2,pdf_reader.exe,document.pdf,file,0,0,0,benign
SESSION-00243,3,document.pdf,cache.tmp,file,0,0,0,benign
SESSION-00244,1,outlook.exe,powershell.exe,process,0,0,1,attack
SESSION-00244,2,powershell.exe,payload.tmp,file,0,0,1,attack
SESSION-00244,3,powershell.exe,rundll32.exe,process,0,0,0,attack
SESSION-00244,4,rundll32.exe,curl.exe,process,0,0,0,attack
SESSION-00244,5,curl.exe,external_host,network,861459,1,0,attack
SESSION-00245,1,outlook.exe,powershell.exe,process,0,0,1,attack
SESSION-00245,2,powershell.exe,payload.tmp,file,0,0,1,attack
SESSION-00245,3,powershell.exe,rundll32.exe,process,0,0,0,attack
SESSION-00245,4,rundll32.exe,curl.exe,process,0,0,0,attack
SESSION-00245,5,curl.exe,external_host,network,689228,1,0,attack
SESSION-00246,1,outlook.exe,powershell.exe,process,0,0,1,attack
SESSION-00246,2,powershell.exe,payload.tmp,file,0,0,1,attack
SESSION-00246,3,powershell.exe,rundll32.exe,process,0,0,0,attack
SESSION-00246,4,rundll32.exe,credential_store,file,0,0,0,attack
SESSION-00246,5,rundll32.exe,curl.exe,process,0,0,0,attack
SESSION-00246,6,curl.exe,external_host,network,585740,1,0,attack
SESSION-00247,1,python.exe,analysis.csv,file,0,0,0,benign
SESSION-00247,2,python.exe,local_database,network,48313,0,0,benign
SESSION-00247,3,local_database,cache.tmp,file,0,0,0,benign
SESSION-00248,1,explorer.exe,browser.exe,process,0,0,0,benign
SESSION-00248,2,browser.exe,trusted_api,network,49880,1,0,benign
SESSION-00249,1,outlook.exe,powershell.exe,process,0,0,1,attack
SESSION-00249,2,powershell.exe,payload.tmp,file,0,0,1,attack
SESSION-00249,3,powershell.exe,rundll32.exe,process,0,0,0,attack
SESSION-00249,4,rundll32.exe,curl.exe,process,0,0,0,attack
SESSION-00249,5,curl.exe,external_host,network,414951,1,0,attack
SESSION-00250,1,outlook.exe,powershell.exe,process,0,0,1,attack
SESSION-00250,2,powershell.exe,payload.tmp,file,0,0,1,attack
SESSION-00250,3,powershell.exe,rundll32.exe,process,0,0,0,attack
SESSION-00250,4,rundll32.exe,curl.exe,process,0,0,0,attack
SESSION-00250,5,curl.exe,external_host,network,178937,1,0,attack
SESSION-00251,1,outlook.exe,powershell.exe,process,0,0,1,attack
SESSION-00251,2,powershell.exe,payload.tmp,file,0,0,1,attack
SESSION-00251,3,powershell.exe,rundll32.exe,process,0,0,0,attack
SESSION-00251,4,rundll32.exe,credential_store,file,0,0,0,attack
SESSION-00251,5,rundll32.exe,curl.exe,process,0,0,0,attack
SESSION-00251,6,curl.exe,external_host,network,130410,1,0,attack
SESSION-00252,1,python.exe,analysis.csv,file,0,0,0,benign
SESSION-00252,2,python.exe,local_database,network,38181,0,0,benign
SESSION-00252,3,local_database,cache.tmp,file,0,0,0,benign
SESSION-00253,1,backup.exe,archive.zip,file,0,0,0,benign
SESSION-00253,2,backup.exe,backup_server,network,22984,0,0,benign
SESSION-00253,3,backup_server,cache.tmp,file,0,0,0,benign
SESSION-00254,1,outlook.exe,pdf_reader.exe,process,0,0,0,benign
SESSION-00254,2,pdf_reader.exe,document.pdf,file,0,0,0,benign
SESSION-00255,1,python.exe,analysis.csv,file,0,0,0,benign
SESSION-00255,2,python.exe,local_database,network,35373,0,0,benign
SESSION-00256,1,outlook.exe,pdf_reader.exe,process,0,0,0,benign
SESSION-00256,2,pdf_reader.exe,document.pdf,file,0,0,0,benign
SESSION-00257,1,explorer.exe,browser.exe,process,0,0,0,benign
SESSION-00257,2,browser.exe,trusted_api,network,11242,1,0,benign
SESSION-00258,1,outlook.exe,powershell.exe,process,0,0,1,attack
SESSION-00258,2,powershell.exe,payload.tmp,file,0,0,1,attack
SESSION-00258,3,powershell.exe,rundll32.exe,process,0,0,0,attack
SESSION-00258,4,rundll32.exe,credential_store,file,0,0,0,attack
SESSION-00258,5,rundll32.exe,curl.exe,process,0,0,0,attack
SESSION-00258,6,curl.exe,external_host,network,214133,1,0,attack
SESSION-00259,1,outlook.exe,powershell.exe,process,0,0,1,attack
SESSION-00259,2,powershell.exe,payload.tmp,file,0,0,1,attack
SESSION-00259,3,powershell.exe,rundll32.exe,process,0,0,0,attack
SESSION-00259,4,rundll32.exe,curl.exe,process,0,0,0,attack
SESSION-00259,5,curl.exe,external_host,network,81362,1,0,attack
SESSION-00260,1,outlook.exe,pdf_reader.exe,process,0,0,0,benign
SESSION-00260,2,pdf_reader.exe,document.pdf,file,0,0,0,benign
SESSION-00261,1,outlook.exe,powershell.exe,process,0,0,1,attack
SESSION-00261,2,powershell.exe,payload.tmp,file,0,0,1,attack
SESSION-00261,3,powershell.exe,rundll32.exe,process,0,0,0,attack
SESSION-00261,4,rundll32.exe,curl.exe,process,0,0,0,attack
SESSION-00261,5,curl.exe,external_host,network,196893,1,0,attack
SESSION-00262,1,backup.exe,archive.zip,file,0,0,0,benign
SESSION-00262,2,backup.exe,backup_server,network,54210,0,0,benign
SESSION-00262,3,backup_server,cache.tmp,file,0,0,0,benign
SESSION-00263,1,outlook.exe,powershell.exe,process,0,0,1,attack
SESSION-00263,2,powershell.exe,payload.tmp,file,0,0,1,attack
SESSION-00263,3,powershell.exe,rundll32.exe,process,0,0,0,attack
SESSION-00263,4,rundll32.exe,curl.exe,process,0,0,0,attack
SESSION-00263,5,curl.exe,external_host,network,834946,1,0,attack
SESSION-00264,1,teams.exe,browser.exe,process,0,0,0,benign
SESSION-00264,2,browser.exe,company_portal,network,51999,0,0,benign
SESSION-00264,3,company_portal,cache.tmp,file,0,0,0,benign
SESSION-00265,1,outlook.exe,pdf_reader.exe,process,0,0,0,benign
SESSION-00265,2,pdf_reader.exe,document.pdf,file,0,0,0,benign
SESSION-00265,3,document.pdf,cache.tmp,file,0,0,0,benign
SESSION-00266,1,teams.exe,browser.exe,process,0,0,0,benign
SESSION-00266,2,browser.exe,company_portal,network,57322,0,0,benign
SESSION-00267,1,outlook.exe,powershell.exe,process,0,0,1,attack
SESSION-00267,2,powershell.exe,payload.tmp,file,0,0,1,attack
SESSION-00267,3,powershell.exe,rundll32.exe,process,0,0,0,attack
SESSION-00267,4,rundll32.exe,curl.exe,process,0,0,0,attack
SESSION-00267,5,curl.exe,external_host,network,130891,1,0,attack
SESSION-00268,1,teams.exe,browser.exe,process,0,0,0,benign
SESSION-00268,2,browser.exe,company_portal,network,22106,0,0,benign
SESSION-00269,1,teams.exe,browser.exe,process,0,0,0,benign
SESSION-00269,2,browser.exe,company_portal,network,39780,0,0,benign
SESSION-00270,1,python.exe,analysis.csv,file,0,0,0,benign
SESSION-00270,2,python.exe,local_database,network,13165,0,0,benign
SESSION-00271,1,outlook.exe,powershell.exe,process,0,0,1,benign
SESSION-00271,2,powershell.exe,payload.tmp,file,0,0,1,benign
SESSION-00271,3,powershell.exe,rundll32.exe,process,0,0,0,benign
SESSION-00271,4,rundll32.exe,curl.exe,process,0,0,0,benign
SESSION-00271,5,curl.exe,external_host,network,890136,1,0,benign
SESSION-00272,1,python.exe,analysis.csv,file,0,0,0,benign
SESSION-00272,2,python.exe,local_database,network,30530,0,0,benign
SESSION-00273,1,python.exe,analysis.csv,file,0,0,0,benign
SESSION-00273,2,python.exe,local_database,network,47013,0,0,benign
SESSION-00274,1,outlook.exe,pdf_reader.exe,process,0,0,0,benign
SESSION-00274,2,pdf_reader.exe,document.pdf,file,0,0,0,benign
SESSION-00275,1,outlook.exe,pdf_reader.exe,process,0,0,0,benign
SESSION-00275,2,pdf_reader.exe,document.pdf,file,0,0,0,benign
SESSION-00276,1,python.exe,analysis.csv,file,0,0,0,benign
SESSION-00276,2,python.exe,local_database,network,31255,0,0,benign
SESSION-00276,3,local_database,cache.tmp,file,0,0,0,benign
SESSION-00277,1,outlook.exe,powershell.exe,process,0,0,1,attack
SESSION-00277,2,powershell.exe,payload.tmp,file,0,0,1,attack
SESSION-00277,3,powershell.exe,rundll32.exe,process,0,0,0,attack
SESSION-00277,4,rundll32.exe,curl.exe,process,0,0,0,attack
SESSION-00277,5,curl.exe,external_host,network,440841,1,0,attack
SESSION-00278,1,outlook.exe,powershell.exe,process,0,0,1,benign
SESSION-00278,2,powershell.exe,payload.tmp,file,0,0,1,benign
SESSION-00278,3,powershell.exe,rundll32.exe,process,0,0,0,benign
SESSION-00278,4,rundll32.exe,credential_store,file,0,0,0,benign
SESSION-00278,5,rundll32.exe,curl.exe,process,0,0,0,benign
SESSION-00278,6,curl.exe,external_host,network,807628,1,0,benign
SESSION-00279,1,outlook.exe,pdf_reader.exe,process,0,0,0,benign
SESSION-00279,2,pdf_reader.exe,document.pdf,file,0,0,0,benign
SESSION-00279,3,document.pdf,cache.tmp,file,0,0,0,benign
SESSION-00280,1,backup.exe,archive.zip,file,0,0,0,benign
SESSION-00280,2,backup.exe,backup_server,network,19334,0,0,benign
SESSION-00280,3,backup_server,cache.tmp,file,0,0,0,benign
SESSION-00281,1,outlook.exe,powershell.exe,process,0,0,1,attack
SESSION-00281,2,powershell.exe,payload.tmp,file,0,0,1,attack
SESSION-00281,3,powershell.exe,rundll32.exe,process,0,0,0,attack
SESSION-00281,4,rundll32.exe,credential_store,file,0,0,0,attack
SESSION-00281,5,rundll32.exe,curl.exe,process,0,0,0,attack
SESSION-00281,6,curl.exe,external_host,network,829798,1,0,attack
SESSION-00282,1,backup.exe,archive.zip,file,0,0,0,benign
SESSION-00282,2,backup.exe,backup_server,network,50453,0,0,benign
SESSION-00283,1,outlook.exe,powershell.exe,process,0,0,1,attack
SESSION-00283,2,powershell.exe,payload.tmp,file,0,0,1,attack
SESSION-00283,3,powershell.exe,rundll32.exe,process,0,0,0,attack
SESSION-00283,4,rundll32.exe,credential_store,file,0,0,0,attack
SESSION-00283,5,rundll32.exe,curl.exe,process,0,0,0,attack
SESSION-00283,6,curl.exe,external_host,network,861396,1,0,attack
SESSION-00284,1,python.exe,analysis.csv,file,0,0,0,benign
SESSION-00284,2,python.exe,local_database,network,45181,0,0,benign
SESSION-00284,3,local_database,cache.tmp,file,0,0,0,benign
SESSION-00285,1,backup.exe,archive.zip,file,0,0,0,benign
SESSION-00285,2,backup.exe,backup_server,network,40444,0,0,benign
SESSION-00286,1,outlook.exe,pdf_reader.exe,process,0,0,0,benign
SESSION-00286,2,pdf_reader.exe,document.pdf,file,0,0,0,benign
SESSION-00287,1,outlook.exe,pdf_reader.exe,process,0,0,0,benign
SESSION-00287,2,pdf_reader.exe,document.pdf,file,0,0,0,benign
SESSION-00287,3,document.pdf,cache.tmp,file,0,0,0,benign
SESSION-00288,1,outlook.exe,powershell.exe,process,0,0,1,attack
SESSION-00288,2,powershell.exe,payload.tmp,file,0,0,1,attack
SESSION-00288,3,powershell.exe,rundll32.exe,process,0,0,0,attack
SESSION-00288,4,rundll32.exe,curl.exe,process,0,0,0,attack
SESSION-00288,5,curl.exe,external_host,network,862651,1,0,attack
SESSION-00289,1,backup.exe,archive.zip,file,0,0,0,benign
SESSION-00289,2,backup.exe,backup_server,network,64794,0,0,benign
SESSION-00290,1,teams.exe,browser.exe,process,0,0,0,benign
SESSION-00290,2,browser.exe,company_portal,network,46089,0,0,benign
SESSION-00291,1,outlook.exe,powershell.exe,process,0,0,1,attack
SESSION-00291,2,powershell.exe,payload.tmp,file,0,0,1,attack
SESSION-00291,3,powershell.exe,rundll32.exe,process,0,0,0,attack
SESSION-00291,4,rundll32.exe,curl.exe,process,0,0,0,attack
SESSION-00291,5,curl.exe,external_host,network,276985,1,0,attack
SESSION-00292,1,teams.exe,browser.exe,process,0,0,0,benign
SESSION-00292,2,browser.exe,company_portal,network,53411,0,0,benign
SESSION-00293,1,explorer.exe,browser.exe,process,0,0,0,attack
SESSION-00293,2,browser.exe,trusted_api,network,23176,1,0,attack
SESSION-00294,1,teams.exe,browser.exe,process,0,0,0,benign
SESSION-00294,2,browser.exe,company_portal,network,50783,0,0,benign
SESSION-00294,3,company_portal,cache.tmp,file,0,0,0,benign
SESSION-00295,1,outlook.exe,pdf_reader.exe,process,0,0,0,benign
SESSION-00295,2,pdf_reader.exe,document.pdf,file,0,0,0,benign
SESSION-00295,3,document.pdf,cache.tmp,file,0,0,0,benign
SESSION-00296,1,explorer.exe,browser.exe,process,0,0,0,benign
SESSION-00296,2,browser.exe,trusted_api,network,57297,1,0,benign
SESSION-00297,1,outlook.exe,powershell.exe,process,0,0,1,attack
SESSION-00297,2,powershell.exe,payload.tmp,file,0,0,1,attack
SESSION-00297,3,powershell.exe,rundll32.exe,process,0,0,0,attack
SESSION-00297,4,rundll32.exe,curl.exe,process,0,0,0,attack
SESSION-00297,5,curl.exe,external_host,network,844978,1,0,attack
SESSION-00298,1,outlook.exe,powershell.exe,process,0,0,1,attack
SESSION-00298,2,powershell.exe,payload.tmp,file,0,0,1,attack
SESSION-00298,3,powershell.exe,rundll32.exe,process,0,0,0,attack
SESSION-00298,4,rundll32.exe,credential_store,file,0,0,0,attack
SESSION-00298,5,rundll32.exe,curl.exe,process,0,0,0,attack
SESSION-00298,6,curl.exe,external_host,network,263354,1,0,attack
SESSION-00299,1,teams.exe,browser.exe,process,0,0,0,benign
SESSION-00299,2,browser.exe,company_portal,network,11810,0,0,benign
SESSION-00300,1,python.exe,analysis.csv,file,0,0,0,benign
SESSION-00300,2,python.exe,local_database,network,52177,0,0,benign
SESSION-00301,1,teams.exe,browser.exe,process,0,0,0,benign
SESSION-00301,2,browser.exe,company_portal,network,8676,0,0,benign
SESSION-00302,1,explorer.exe,browser.exe,process,0,0,0,benign
SESSION-00302,2,browser.exe,trusted_api,network,20709,1,0,benign
SESSION-00303,1,outlook.exe,powershell.exe,process,0,0,1,attack
SESSION-00303,2,powershell.exe,payload.tmp,file,0,0,1,attack
SESSION-00303,3,powershell.exe,rundll32.exe,process,0,0,0,attack
SESSION-00303,4,rundll32.exe,credential_store,file,0,0,0,attack
SESSION-00303,5,rundll32.exe,curl.exe,process,0,0,0,attack
SESSION-00303,6,curl.exe,external_host,network,458191,1,0,attack
SESSION-00304,1,backup.exe,archive.zip,file,0,0,0,benign
SESSION-00304,2,backup.exe,backup_server,network,53737,0,0,benign
SESSION-00305,1,teams.exe,browser.exe,process,0,0,0,benign
SESSION-00305,2,browser.exe,company_portal,network,52487,0,0,benign
SESSION-00306,1,python.exe,analysis.csv,file,0,0,0,benign
SESSION-00306,2,python.exe,local_database,network,57381,0,0,benign
SESSION-00306,3,local_database,cache.tmp,file,0,0,0,benign
SESSION-00307,1,outlook.exe,powershell.exe,process,0,0,1,attack
SESSION-00307,2,powershell.exe,payload.tmp,file,0,0,1,attack
SESSION-00307,3,powershell.exe,rundll32.exe,process,0,0,0,attack
SESSION-00307,4,rundll32.exe,credential_store,file,0,0,0,attack
SESSION-00307,5,rundll32.exe,curl.exe,process,0,0,0,attack
SESSION-00307,6,curl.exe,external_host,network,310068,1,0,attack
SESSION-00308,1,outlook.exe,powershell.exe,process,0,0,1,attack
SESSION-00308,2,powershell.exe,payload.tmp,file,0,0,1,attack
SESSION-00308,3,powershell.exe,rundll32.exe,process,0,0,0,attack
SESSION-00308,4,rundll32.exe,curl.exe,process,0,0,0,attack
SESSION-00308,5,curl.exe,external_host,network,135365,1,0,attack
SESSION-00309,1,outlook.exe,powershell.exe,process,0,0,1,attack
SESSION-00309,2,powershell.exe,payload.tmp,file,0,0,1,attack
SESSION-00309,3,powershell.exe,rundll32.exe,process,0,0,0,attack
SESSION-00309,4,rundll32.exe,credential_store,file,0,0,0,attack
SESSION-00309,5,rundll32.exe,curl.exe,process,0,0,0,attack
SESSION-00309,6,curl.exe,external_host,network,692320,1,0,attack
SESSION-00310,1,outlook.exe,powershell.exe,process,0,0,1,attack
SESSION-00310,2,powershell.exe,payload.tmp,file,0,0,1,attack
SESSION-00310,3,powershell.exe,rundll32.exe,process,0,0,0,attack
SESSION-00310,4,rundll32.exe,curl.exe,process,0,0,0,attack
SESSION-00310,5,curl.exe,external_host,network,754964,1,0,attack
SESSION-00311,1,explorer.exe,browser.exe,process,0,0,0,benign
SESSION-00311,2,browser.exe,trusted_api,network,7843,1,0,benign
SESSION-00312,1,outlook.exe,pdf_reader.exe,process,0,0,0,benign
SESSION-00312,2,pdf_reader.exe,document.pdf,file,0,0,0,benign
SESSION-00313,1,teams.exe,browser.exe,process,0,0,0,benign
SESSION-00313,2,browser.exe,company_portal,network,21477,0,0,benign
SESSION-00313,3,company_portal,cache.tmp,file,0,0,0,benign
SESSION-00314,1,outlook.exe,powershell.exe,process,0,0,1,attack
SESSION-00314,2,powershell.exe,payload.tmp,file,0,0,1,attack
SESSION-00314,3,powershell.exe,rundll32.exe,process,0,0,0,attack
SESSION-00314,4,rundll32.exe,credential_store,file,0,0,0,attack
SESSION-00314,5,rundll32.exe,curl.exe,process,0,0,0,attack
SESSION-00314,6,curl.exe,external_host,network,381681,1,0,attack
SESSION-00315,1,outlook.exe,powershell.exe,process,0,0,1,attack
SESSION-00315,2,powershell.exe,payload.tmp,file,0,0,1,attack
SESSION-00315,3,powershell.exe,rundll32.exe,process,0,0,0,attack
SESSION-00315,4,rundll32.exe,curl.exe,process,0,0,0,attack
SESSION-00315,5,curl.exe,external_host,network,213073,1,0,attack
SESSION-00316,1,explorer.exe,browser.exe,process,0,0,0,benign
SESSION-00316,2,browser.exe,trusted_api,network,55783,1,0,benign
SESSION-00317,1,explorer.exe,browser.exe,process,0,0,0,benign
SESSION-00317,2,browser.exe,trusted_api,network,13569,1,0,benign
SESSION-00318,1,backup.exe,archive.zip,file,0,0,0,benign
SESSION-00318,2,backup.exe,backup_server,network,40880,0,0,benign
SESSION-00319,1,outlook.exe,powershell.exe,process,0,0,1,attack
SESSION-00319,2,powershell.exe,payload.tmp,file,0,0,1,attack
SESSION-00319,3,powershell.exe,rundll32.exe,process,0,0,0,attack
SESSION-00319,4,rundll32.exe,curl.exe,process,0,0,0,attack
SESSION-00319,5,curl.exe,external_host,network,261054,1,0,attack
SESSION-00320,1,outlook.exe,pdf_reader.exe,process,0,0,0,benign
SESSION-00320,2,pdf_reader.exe,document.pdf,file,0,0,0,benign
SESSION-00320,3,document.pdf,cache.tmp,file,0,0,0,benign
SESSION-00321,1,outlook.exe,powershell.exe,process,0,0,1,attack
SESSION-00321,2,powershell.exe,payload.tmp,file,0,0,1,attack
SESSION-00321,3,powershell.exe,rundll32.exe,process,0,0,0,attack
SESSION-00321,4,rundll32.exe,curl.exe,process,0,0,0,attack
SESSION-00321,5,curl.exe,external_host,network,662636,1,0,attack
SESSION-00322,1,outlook.exe,powershell.exe,process,0,0,1,attack
SESSION-00322,2,powershell.exe,payload.tmp,file,0,0,1,attack
SESSION-00322,3,powershell.exe,rundll32.exe,process,0,0,0,attack
SESSION-00322,4,rundll32.exe,curl.exe,process,0,0,0,attack
SESSION-00322,5,curl.exe,external_host,network,292029,1,0,attack
SESSION-00323,1,teams.exe,browser.exe,process,0,0,0,benign
SESSION-00323,2,browser.exe,company_portal,network,49539,0,0,benign
SESSION-00324,1,outlook.exe,pdf_reader.exe,process,0,0,0,benign
SESSION-00324,2,pdf_reader.exe,document.pdf,file,0,0,0,benign
SESSION-00325,1,explorer.exe,browser.exe,process,0,0,0,attack
SESSION-00325,2,browser.exe,trusted_api,network,15373,1,0,attack
SESSION-00326,1,backup.exe,archive.zip,file,0,0,0,benign
SESSION-00326,2,backup.exe,backup_server,network,58086,0,0,benign
SESSION-00327,1,python.exe,analysis.csv,file,0,0,0,benign
SESSION-00327,2,python.exe,local_database,network,5747,0,0,benign
SESSION-00327,3,local_database,cache.tmp,file,0,0,0,benign
SESSION-00328,1,outlook.exe,pdf_reader.exe,process,0,0,0,benign
SESSION-00328,2,pdf_reader.exe,document.pdf,file,0,0,0,benign
SESSION-00328,3,document.pdf,cache.tmp,file,0,0,0,benign
SESSION-00329,1,outlook.exe,powershell.exe,process,0,0,1,attack
SESSION-00329,2,powershell.exe,payload.tmp,file,0,0,1,attack
SESSION-00329,3,powershell.exe,rundll32.exe,process,0,0,0,attack
SESSION-00329,4,rundll32.exe,credential_store,file,0,0,0,attack
SESSION-00329,5,rundll32.exe,curl.exe,process,0,0,0,attack
SESSION-00329,6,curl.exe,external_host,network,637212,1,0,attack
SESSION-00330,1,outlook.exe,powershell.exe,process,0,0,1,attack
SESSION-00330,2,powershell.exe,payload.tmp,file,0,0,1,attack
SESSION-00330,3,powershell.exe,rundll32.exe,process,0,0,0,attack
SESSION-00330,4,rundll32.exe,credential_store,file,0,0,0,attack
SESSION-00330,5,rundll32.exe,curl.exe,process,0,0,0,attack
SESSION-00330,6,curl.exe,external_host,network,614266,1,0,attack
SESSION-00331,1,outlook.exe,powershell.exe,process,0,0,1,benign
SESSION-00331,2,powershell.exe,payload.tmp,file,0,0,1,benign
SESSION-00331,3,powershell.exe,rundll32.exe,process,0,0,0,benign
SESSION-00331,4,rundll32.exe,credential_store,file,0,0,0,benign
SESSION-00331,5,rundll32.exe,curl.exe,process,0,0,0,benign
SESSION-00331,6,curl.exe,external_host,network,785431,1,0,benign
SESSION-00332,1,outlook.exe,powershell.exe,process,0,0,1,attack
SESSION-00332,2,powershell.exe,payload.tmp,file,0,0,1,attack
SESSION-00332,3,powershell.exe,rundll32.exe,process,0,0,0,attack
SESSION-00332,4,rundll32.exe,curl.exe,process,0,0,0,attack
SESSION-00332,5,curl.exe,external_host,network,423327,1,0,attack
SESSION-00333,1,outlook.exe,pdf_reader.exe,process,0,0,0,benign
SESSION-00333,2,pdf_reader.exe,document.pdf,file,0,0,0,benign
SESSION-00333,3,document.pdf,cache.tmp,file,0,0,0,benign
SESSION-00334,1,outlook.exe,powershell.exe,process,0,0,1,attack
SESSION-00334,2,powershell.exe,payload.tmp,file,0,0,1,attack
SESSION-00334,3,powershell.exe,rundll32.exe,process,0,0,0,attack
SESSION-00334,4,rundll32.exe,curl.exe,process,0,0,0,attack
SESSION-00334,5,curl.exe,external_host,network,414006,1,0,attack
SESSION-00335,1,explorer.exe,browser.exe,process,0,0,0,benign
SESSION-00335,2,browser.exe,trusted_api,network,45595,1,0,benign
SESSION-00336,1,outlook.exe,powershell.exe,process,0,0,1,attack
SESSION-00336,2,powershell.exe,payload.tmp,file,0,0,1,attack
SESSION-00336,3,powershell.exe,rundll32.exe,process,0,0,0,attack
SESSION-00336,4,rundll32.exe,credential_store,file,0,0,0,attack
SESSION-00336,5,rundll32.exe,curl.exe,process,0,0,0,attack
SESSION-00336,6,curl.exe,external_host,network,511369,1,0,attack
SESSION-00337,1,backup.exe,archive.zip,file,0,0,0,benign
SESSION-00337,2,backup.exe,backup_server,network,52790,0,0,benign
SESSION-00337,3,backup_server,cache.tmp,file,0,0,0,benign
SESSION-00338,1,python.exe,analysis.csv,file,0,0,0,benign
SESSION-00338,2,python.exe,local_database,network,33101,0,0,benign
SESSION-00339,1,teams.exe,browser.exe,process,0,0,0,benign
SESSION-00339,2,browser.exe,company_portal,network,38839,0,0,benign
SESSION-00339,3,company_portal,cache.tmp,file,0,0,0,benign
SESSION-00340,1,backup.exe,archive.zip,file,0,0,0,benign
SESSION-00340,2,backup.exe,backup_server,network,8506,0,0,benign
SESSION-00341,1,teams.exe,browser.exe,process,0,0,0,benign
SESSION-00341,2,browser.exe,company_portal,network,27746,0,0,benign
SESSION-00342,1,backup.exe,archive.zip,file,0,0,0,benign
SESSION-00342,2,backup.exe,backup_server,network,60765,0,0,benign
SESSION-00343,1,backup.exe,archive.zip,file,0,0,0,benign
SESSION-00343,2,backup.exe,backup_server,network,37779,0,0,benign
SESSION-00344,1,outlook.exe,pdf_reader.exe,process,0,0,0,benign
SESSION-00344,2,pdf_reader.exe,document.pdf,file,0,0,0,benign
SESSION-00344,3,document.pdf,cache.tmp,file,0,0,0,benign
SESSION-00345,1,outlook.exe,pdf_reader.exe,process,0,0,0,benign
SESSION-00345,2,pdf_reader.exe,document.pdf,file,0,0,0,benign
SESSION-00345,3,document.pdf,cache.tmp,file,0,0,0,benign
SESSION-00346,1,backup.exe,archive.zip,file,0,0,0,benign
SESSION-00346,2,backup.exe,backup_server,network,15515,0,0,benign
SESSION-00347,1,python.exe,analysis.csv,file,0,0,0,benign
SESSION-00347,2,python.exe,local_database,network,54087,0,0,benign
SESSION-00348,1,backup.exe,archive.zip,file,0,0,0,benign
SESSION-00348,2,backup.exe,backup_server,network,5312,0,0,benign
SESSION-00349,1,backup.exe,archive.zip,file,0,0,0,benign
SESSION-00349,2,backup.exe,backup_server,network,38475,0,0,benign
SESSION-00349,3,backup_server,cache.tmp,file,0,0,0,benign
SESSION-00350,1,outlook.exe,powershell.exe,process,0,0,1,attack
SESSION-00350,2,powershell.exe,payload.tmp,file,0,0,1,attack
SESSION-00350,3,powershell.exe,rundll32.exe,process,0,0,0,attack
SESSION-00350,4,rundll32.exe,credential_store,file,0,0,0,attack
SESSION-00350,5,rundll32.exe,curl.exe,process,0,0,0,attack
SESSION-00350,6,curl.exe,external_host,network,829011,1,0,attack
SESSION-00351,1,python.exe,analysis.csv,file,0,0,0,benign
SESSION-00351,2,python.exe,local_database,network,17087,0,0,benign
SESSION-00352,1,outlook.exe,powershell.exe,process,0,0,1,attack
SESSION-00352,2,powershell.exe,payload.tmp,file,0,0,1,attack
SESSION-00352,3,powershell.exe,rundll32.exe,process,0,0,0,attack
SESSION-00352,4,rundll32.exe,credential_store,file,0,0,0,attack
SESSION-00352,5,rundll32.exe,curl.exe,process,0,0,0,attack
SESSION-00352,6,curl.exe,external_host,network,487062,1,0,attack
SESSION-00353,1,backup.exe,archive.zip,file,0,0,0,benign
SESSION-00353,2,backup.exe,backup_server,network,37599,0,0,benign
SESSION-00353,3,backup_server,cache.tmp,file,0,0,0,benign
SESSION-00354,1,outlook.exe,powershell.exe,process,0,0,1,attack
SESSION-00354,2,powershell.exe,payload.tmp,file,0,0,1,attack
SESSION-00354,3,powershell.exe,rundll32.exe,process,0,0,0,attack
SESSION-00354,4,rundll32.exe,curl.exe,process,0,0,0,attack
SESSION-00354,5,curl.exe,external_host,network,202802,1,0,attack
SESSION-00355,1,python.exe,analysis.csv,file,0,0,0,benign
SESSION-00355,2,python.exe,local_database,network,51888,0,0,benign
SESSION-00355,3,local_database,cache.tmp,file,0,0,0,benign
SESSION-00356,1,backup.exe,archive.zip,file,0,0,0,benign
SESSION-00356,2,backup.exe,backup_server,network,38515,0,0,benign
SESSION-00356,3,backup_server,cache.tmp,file,0,0,0,benign
SESSION-00357,1,outlook.exe,pdf_reader.exe,process,0,0,0,benign
SESSION-00357,2,pdf_reader.exe,document.pdf,file,0,0,0,benign
SESSION-00358,1,backup.exe,archive.zip,file,0,0,0,benign
SESSION-00358,2,backup.exe,backup_server,network,28773,0,0,benign
SESSION-00359,1,backup.exe,archive.zip,file,0,0,0,benign
SESSION-00359,2,backup.exe,backup_server,network,52069,0,0,benign
SESSION-00360,1,outlook.exe,powershell.exe,process,0,0,1,attack
SESSION-00360,2,powershell.exe,payload.tmp,file,0,0,1,attack
SESSION-00360,3,powershell.exe,rundll32.exe,process,0,0,0,attack
SESSION-00360,4,rundll32.exe,credential_store,file,0,0,0,attack
SESSION-00360,5,rundll32.exe,curl.exe,process,0,0,0,attack
SESSION-00360,6,curl.exe,external_host,network,679012,1,0,attack
SESSION-00361,1,backup.exe,archive.zip,file,0,0,0,benign
SESSION-00361,2,backup.exe,backup_server,network,29317,0,0,benign
SESSION-00361,3,backup_server,cache.tmp,file,0,0,0,benign
SESSION-00362,1,teams.exe,browser.exe,process,0,0,0,benign
SESSION-00362,2,browser.exe,company_portal,network,51801,0,0,benign
SESSION-00362,3,company_portal,cache.tmp,file,0,0,0,benign
SESSION-00363,1,teams.exe,browser.exe,process,0,0,0,benign
SESSION-00363,2,browser.exe,company_portal,network,60683,0,0,benign
SESSION-00363,3,company_portal,cache.tmp,file,0,0,0,benign
SESSION-00364,1,outlook.exe,powershell.exe,process,0,0,1,attack
SESSION-00364,2,powershell.exe,payload.tmp,file,0,0,1,attack
SESSION-00364,3,powershell.exe,rundll32.exe,process,0,0,0,attack
SESSION-00364,4,rundll32.exe,credential_store,file,0,0,0,attack
SESSION-00364,5,rundll32.exe,curl.exe,process,0,0,0,attack
SESSION-00364,6,curl.exe,external_host,network,255747,1,0,attack
SESSION-00365,1,outlook.exe,pdf_reader.exe,process,0,0,0,benign
SESSION-00365,2,pdf_reader.exe,document.pdf,file,0,0,0,benign
SESSION-00366,1,outlook.exe,powershell.exe,process,0,0,1,attack
SESSION-00366,2,powershell.exe,payload.tmp,file,0,0,1,attack
SESSION-00366,3,powershell.exe,rundll32.exe,process,0,0,0,attack
SESSION-00366,4,rundll32.exe,curl.exe,process,0,0,0,attack
SESSION-00366,5,curl.exe,external_host,network,743355,1,0,attack
SESSION-00367,1,explorer.exe,browser.exe,process,0,0,0,benign
SESSION-00367,2,browser.exe,trusted_api,network,29157,1,0,benign
SESSION-00367,3,trusted_api,cache.tmp,file,0,0,0,benign
SESSION-00368,1,python.exe,analysis.csv,file,0,0,0,benign
SESSION-00368,2,python.exe,local_database,network,62398,0,0,benign
SESSION-00368,3,local_database,cache.tmp,file,0,0,0,benign
SESSION-00369,1,python.exe,analysis.csv,file,0,0,0,benign
SESSION-00369,2,python.exe,local_database,network,58888,0,0,benign
SESSION-00369,3,local_database,cache.tmp,file,0,0,0,benign
SESSION-00370,1,backup.exe,archive.zip,file,0,0,0,benign
SESSION-00370,2,backup.exe,backup_server,network,9402,0,0,benign
SESSION-00370,3,backup_server,cache.tmp,file,0,0,0,benign
SESSION-00371,1,teams.exe,browser.exe,process,0,0,0,benign
SESSION-00371,2,browser.exe,company_portal,network,35698,0,0,benign
SESSION-00372,1,teams.exe,browser.exe,process,0,0,0,benign
SESSION-00372,2,browser.exe,company_portal,network,30036,0,0,benign
SESSION-00372,3,company_portal,cache.tmp,file,0,0,0,benign
SESSION-00373,1,teams.exe,browser.exe,process,0,0,0,benign
SESSION-00373,2,browser.exe,company_portal,network,13929,0,0,benign
SESSION-00373,3,company_portal,cache.tmp,file,0,0,0,benign
SESSION-00374,1,teams.exe,browser.exe,process,0,0,0,benign
SESSION-00374,2,browser.exe,company_portal,network,56640,0,0,benign
SESSION-00375,1,teams.exe,browser.exe,process,0,0,0,benign
SESSION-00375,2,browser.exe,company_portal,network,55055,0,0,benign
SESSION-00376,1,outlook.exe,powershell.exe,process,0,0,1,attack
SESSION-00376,2,powershell.exe,payload.tmp,file,0,0,1,attack
SESSION-00376,3,powershell.exe,rundll32.exe,process,0,0,0,attack
SESSION-00376,4,rundll32.exe,curl.exe,process,0,0,0,attack
SESSION-00376,5,curl.exe,external_host,network,326165,1,0,attack
SESSION-00377,1,python.exe,analysis.csv,file,0,0,0,benign
SESSION-00377,2,python.exe,local_database,network,29590,0,0,benign
SESSION-00378,1,teams.exe,browser.exe,process,0,0,0,benign
SESSION-00378,2,browser.exe,company_portal,network,19635,0,0,benign
SESSION-00379,1,outlook.exe,pdf_reader.exe,process,0,0,0,attack
SESSION-00379,2,pdf_reader.exe,document.pdf,file,0,0,0,attack
SESSION-00380,1,backup.exe,archive.zip,file,0,0,0,benign
SESSION-00380,2,backup.exe,backup_server,network,40569,0,0,benign
SESSION-00380,3,backup_server,cache.tmp,file,0,0,0,benign
SESSION-00381,1,outlook.exe,powershell.exe,process,0,0,1,attack
SESSION-00381,2,powershell.exe,payload.tmp,file,0,0,1,attack
SESSION-00381,3,powershell.exe,rundll32.exe,process,0,0,0,attack
SESSION-00381,4,rundll32.exe,credential_store,file,0,0,0,attack
SESSION-00381,5,rundll32.exe,curl.exe,process,0,0,0,attack
SESSION-00381,6,curl.exe,external_host,network,311773,1,0,attack
SESSION-00382,1,backup.exe,archive.zip,file,0,0,0,benign
SESSION-00382,2,backup.exe,backup_server,network,56880,0,0,benign
SESSION-00382,3,backup_server,cache.tmp,file,0,0,0,benign
SESSION-00383,1,outlook.exe,powershell.exe,process,0,0,1,attack
SESSION-00383,2,powershell.exe,payload.tmp,file,0,0,1,attack
SESSION-00383,3,powershell.exe,rundll32.exe,process,0,0,0,attack
SESSION-00383,4,rundll32.exe,credential_store,file,0,0,0,attack
SESSION-00383,5,rundll32.exe,curl.exe,process,0,0,0,attack
SESSION-00383,6,curl.exe,external_host,network,881298,1,0,attack
SESSION-00384,1,outlook.exe,powershell.exe,process,0,0,1,attack
SESSION-00384,2,powershell.exe,payload.tmp,file,0,0,1,attack
SESSION-00384,3,powershell.exe,rundll32.exe,process,0,0,0,attack
SESSION-00384,4,rundll32.exe,curl.exe,process,0,0,0,attack
SESSION-00384,5,curl.exe,external_host,network,378765,1,0,attack
SESSION-00385,1,backup.exe,archive.zip,file,0,0,0,benign
SESSION-00385,2,backup.exe,backup_server,network,33969,0,0,benign
SESSION-00386,1,backup.exe,archive.zip,file,0,0,0,benign
SESSION-00386,2,backup.exe,backup_server,network,10038,0,0,benign
SESSION-00386,3,backup_server,cache.tmp,file,0,0,0,benign
SESSION-00387,1,outlook.exe,powershell.exe,process,0,0,1,attack
SESSION-00387,2,powershell.exe,payload.tmp,file,0,0,1,attack
SESSION-00387,3,powershell.exe,rundll32.exe,process,0,0,0,attack
SESSION-00387,4,rundll32.exe,curl.exe,process,0,0,0,attack
SESSION-00387,5,curl.exe,external_host,network,365278,1,0,attack
SESSION-00388,1,explorer.exe,browser.exe,process,0,0,0,benign
SESSION-00388,2,browser.exe,trusted_api,network,36050,1,0,benign
SESSION-00388,3,trusted_api,cache.tmp,file,0,0,0,benign
SESSION-00389,1,explorer.exe,browser.exe,process,0,0,0,benign
SESSION-00389,2,browser.exe,trusted_api,network,44389,1,0,benign
SESSION-00390,1,outlook.exe,powershell.exe,process,0,0,1,attack
SESSION-00390,2,powershell.exe,payload.tmp,file,0,0,1,attack
SESSION-00390,3,powershell.exe,rundll32.exe,process,0,0,0,attack
SESSION-00390,4,rundll32.exe,curl.exe,process,0,0,0,attack
SESSION-00390,5,curl.exe,external_host,network,820178,1,0,attack
SESSION-00391,1,explorer.exe,browser.exe,process,0,0,0,attack
SESSION-00391,2,browser.exe,trusted_api,network,39097,1,0,attack
SESSION-00392,1,python.exe,analysis.csv,file,0,0,0,benign
SESSION-00392,2,python.exe,local_database,network,19445,0,0,benign
SESSION-00393,1,backup.exe,archive.zip,file,0,0,0,benign
SESSION-00393,2,backup.exe,backup_server,network,63318,0,0,benign
SESSION-00394,1,outlook.exe,powershell.exe,process,0,0,1,attack
SESSION-00394,2,powershell.exe,payload.tmp,file,0,0,1,attack
SESSION-00394,3,powershell.exe,rundll32.exe,process,0,0,0,attack
SESSION-00394,4,rundll32.exe,credential_store,file,0,0,0,attack
SESSION-00394,5,rundll32.exe,curl.exe,process,0,0,0,attack
SESSION-00394,6,curl.exe,external_host,network,134797,1,0,attack
SESSION-00395,1,python.exe,analysis.csv,file,0,0,0,benign
SESSION-00395,2,python.exe,local_database,network,58495,0,0,benign
SESSION-00396,1,outlook.exe,powershell.exe,process,0,0,1,attack
SESSION-00396,2,powershell.exe,payload.tmp,file,0,0,1,attack
SESSION-00396,3,powershell.exe,rundll32.exe,process,0,0,0,attack
SESSION-00396,4,rundll32.exe,curl.exe,process,0,0,0,attack
SESSION-00396,5,curl.exe,external_host,network,670110,1,0,attack
SESSION-00397,1,teams.exe,browser.exe,process,0,0,0,benign
SESSION-00397,2,browser.exe,company_portal,network,14164,0,0,benign
SESSION-00398,1,backup.exe,archive.zip,file,0,0,0,benign
SESSION-00398,2,backup.exe,backup_server,network,51016,0,0,benign
SESSION-00399,1,teams.exe,browser.exe,process,0,0,0,benign
SESSION-00399,2,browser.exe,company_portal,network,41633,0,0,benign
SESSION-00400,1,backup.exe,archive.zip,file,0,0,0,benign
SESSION-00400,2,backup.exe,backup_server,network,35543,0,0,benign
SESSION-00401,1,outlook.exe,powershell.exe,process,0,0,1,attack
SESSION-00401,2,powershell.exe,payload.tmp,file,0,0,1,attack
SESSION-00401,3,powershell.exe,rundll32.exe,process,0,0,0,attack
SESSION-00401,4,rundll32.exe,curl.exe,process,0,0,0,attack
SESSION-00401,5,curl.exe,external_host,network,256706,1,0,attack
SESSION-00402,1,teams.exe,browser.exe,process,0,0,0,benign
SESSION-00402,2,browser.exe,company_portal,network,19172,0,0,benign
SESSION-00402,3,company_portal,cache.tmp,file,0,0,0,benign
SESSION-00403,1,outlook.exe,pdf_reader.exe,process,0,0,0,benign
SESSION-00403,2,pdf_reader.exe,document.pdf,file,0,0,0,benign
SESSION-00403,3,document.pdf,cache.tmp,file,0,0,0,benign
SESSION-00404,1,explorer.exe,browser.exe,process,0,0,0,benign
SESSION-00404,2,browser.exe,trusted_api,network,47842,1,0,benign
SESSION-00405,1,outlook.exe,powershell.exe,process,0,0,1,attack
SESSION-00405,2,powershell.exe,payload.tmp,file,0,0,1,attack
SESSION-00405,3,powershell.exe,rundll32.exe,process,0,0,0,attack
SESSION-00405,4,rundll32.exe,curl.exe,process,0,0,0,attack
SESSION-00405,5,curl.exe,external_host,network,703647,1,0,attack
SESSION-00406,1,outlook.exe,powershell.exe,process,0,0,1,attack
SESSION-00406,2,powershell.exe,payload.tmp,file,0,0,1,attack
SESSION-00406,3,powershell.exe,rundll32.exe,process,0,0,0,attack
SESSION-00406,4,rundll32.exe,credential_store,file,0,0,0,attack
SESSION-00406,5,rundll32.exe,curl.exe,process,0,0,0,attack
SESSION-00406,6,curl.exe,external_host,network,283658,1,0,attack
SESSION-00407,1,outlook.exe,pdf_reader.exe,process,0,0,0,benign
SESSION-00407,2,pdf_reader.exe,document.pdf,file,0,0,0,benign
SESSION-00407,3,document.pdf,cache.tmp,file,0,0,0,benign
SESSION-00408,1,python.exe,analysis.csv,file,0,0,0,benign
SESSION-00408,2,python.exe,local_database,network,49123,0,0,benign
SESSION-00409,1,outlook.exe,pdf_reader.exe,process,0,0,0,benign
SESSION-00409,2,pdf_reader.exe,document.pdf,file,0,0,0,benign
SESSION-00410,1,outlook.exe,powershell.exe,process,0,0,1,attack
SESSION-00410,2,powershell.exe,payload.tmp,file,0,0,1,attack
SESSION-00410,3,powershell.exe,rundll32.exe,process,0,0,0,attack
SESSION-00410,4,rundll32.exe,credential_store,file,0,0,0,attack
SESSION-00410,5,rundll32.exe,curl.exe,process,0,0,0,attack
SESSION-00410,6,curl.exe,external_host,network,277417,1,0,attack
SESSION-00411,1,outlook.exe,powershell.exe,process,0,0,1,attack
SESSION-00411,2,powershell.exe,payload.tmp,file,0,0,1,attack
SESSION-00411,3,powershell.exe,rundll32.exe,process,0,0,0,attack
SESSION-00411,4,rundll32.exe,credential_store,file,0,0,0,attack
SESSION-00411,5,rundll32.exe,curl.exe,process,0,0,0,attack
SESSION-00411,6,curl.exe,external_host,network,223243,1,0,attack
SESSION-00412,1,outlook.exe,powershell.exe,process,0,0,1,attack
SESSION-00412,2,powershell.exe,payload.tmp,file,0,0,1,attack
SESSION-00412,3,powershell.exe,rundll32.exe,process,0,0,0,attack
SESSION-00412,4,rundll32.exe,credential_store,file,0,0,0,attack
SESSION-00412,5,rundll32.exe,curl.exe,process,0,0,0,attack
SESSION-00412,6,curl.exe,external_host,network,337354,1,0,attack
SESSION-00413,1,python.exe,analysis.csv,file,0,0,0,benign
SESSION-00413,2,python.exe,local_database,network,50078,0,0,benign
SESSION-00414,1,explorer.exe,browser.exe,process,0,0,0,benign
SESSION-00414,2,browser.exe,trusted_api,network,56631,1,0,benign
SESSION-00415,1,backup.exe,archive.zip,file,0,0,0,benign
SESSION-00415,2,backup.exe,backup_server,network,59242,0,0,benign
SESSION-00416,1,teams.exe,browser.exe,process,0,0,0,benign
SESSION-00416,2,browser.exe,company_portal,network,2995,0,0,benign
SESSION-00417,1,python.exe,analysis.csv,file,0,0,0,benign
SESSION-00417,2,python.exe,local_database,network,37794,0,0,benign
SESSION-00418,1,teams.exe,browser.exe,process,0,0,0,benign
SESSION-00418,2,browser.exe,company_portal,network,16186,0,0,benign
SESSION-00419,1,teams.exe,browser.exe,process,0,0,0,benign
SESSION-00419,2,browser.exe,company_portal,network,56993,0,0,benign
SESSION-00420,1,teams.exe,browser.exe,process,0,0,0,benign
SESSION-00420,2,browser.exe,company_portal,network,18889,0,0,benign
SESSION-00421,1,backup.exe,archive.zip,file,0,0,0,benign
SESSION-00421,2,backup.exe,backup_server,network,37091,0,0,benign
SESSION-00421,3,backup_server,cache.tmp,file,0,0,0,benign
SESSION-00422,1,outlook.exe,powershell.exe,process,0,0,1,attack
SESSION-00422,2,powershell.exe,payload.tmp,file,0,0,1,attack
SESSION-00422,3,powershell.exe,rundll32.exe,process,0,0,0,attack
SESSION-00422,4,rundll32.exe,curl.exe,process,0,0,0,attack
SESSION-00422,5,curl.exe,external_host,network,692310,1,0,attack
SESSION-00423,1,explorer.exe,browser.exe,process,0,0,0,benign
SESSION-00423,2,browser.exe,trusted_api,network,2198,1,0,benign
SESSION-00423,3,trusted_api,cache.tmp,file,0,0,0,benign
SESSION-00424,1,outlook.exe,powershell.exe,process,0,0,1,attack
SESSION-00424,2,powershell.exe,payload.tmp,file,0,0,1,attack
SESSION-00424,3,powershell.exe,rundll32.exe,process,0,0,0,attack
SESSION-00424,4,rundll32.exe,credential_store,file,0,0,0,attack
SESSION-00424,5,rundll32.exe,curl.exe,process,0,0,0,attack
SESSION-00424,6,curl.exe,external_host,network,638690,1,0,attack
SESSION-00425,1,outlook.exe,pdf_reader.exe,process,0,0,0,benign
SESSION-00425,2,pdf_reader.exe,document.pdf,file,0,0,0,benign
SESSION-00426,1,outlook.exe,powershell.exe,process,0,0,1,attack
SESSION-00426,2,powershell.exe,payload.tmp,file,0,0,1,attack
SESSION-00426,3,powershell.exe,rundll32.exe,process,0,0,0,attack
SESSION-00426,4,rundll32.exe,curl.exe,process,0,0,0,attack
SESSION-00426,5,curl.exe,external_host,network,635721,1,0,attack
SESSION-00427,1,outlook.exe,powershell.exe,process,0,0,1,attack
SESSION-00427,2,powershell.exe,payload.tmp,file,0,0,1,attack
SESSION-00427,3,powershell.exe,rundll32.exe,process,0,0,0,attack
SESSION-00427,4,rundll32.exe,credential_store,file,0,0,0,attack
SESSION-00427,5,rundll32.exe,curl.exe,process,0,0,0,attack
SESSION-00427,6,curl.exe,external_host,network,888521,1,0,attack
SESSION-00428,1,python.exe,analysis.csv,file,0,0,0,benign
SESSION-00428,2,python.exe,local_database,network,38465,0,0,benign
SESSION-00429,1,outlook.exe,pdf_reader.exe,process,0,0,0,attack
SESSION-00429,2,pdf_reader.exe,document.pdf,file,0,0,0,attack
SESSION-00430,1,outlook.exe,powershell.exe,process,0,0,1,benign
SESSION-00430,2,powershell.exe,payload.tmp,file,0,0,1,benign
SESSION-00430,3,powershell.exe,rundll32.exe,process,0,0,0,benign
SESSION-00430,4,rundll32.exe,curl.exe,process,0,0,0,benign
SESSION-00430,5,curl.exe,external_host,network,251245,1,0,benign
SESSION-00431,1,outlook.exe,pdf_reader.exe,process,0,0,0,benign
SESSION-00431,2,pdf_reader.exe,document.pdf,file,0,0,0,benign
SESSION-00432,1,outlook.exe,pdf_reader.exe,process,0,0,0,benign
SESSION-00432,2,pdf_reader.exe,document.pdf,file,0,0,0,benign
SESSION-00432,3,document.pdf,cache.tmp,file,0,0,0,benign
SESSION-00433,1,explorer.exe,browser.exe,process,0,0,0,benign
SESSION-00433,2,browser.exe,trusted_api,network,48686,1,0,benign
SESSION-00434,1,backup.exe,archive.zip,file,0,0,0,benign
SESSION-00434,2,backup.exe,backup_server,network,12383,0,0,benign
SESSION-00435,1,python.exe,analysis.csv,file,0,0,0,benign
SESSION-00435,2,python.exe,local_database,network,64558,0,0,benign
SESSION-00436,1,outlook.exe,powershell.exe,process,0,0,1,attack
SESSION-00436,2,powershell.exe,payload.tmp,file,0,0,1,attack
SESSION-00436,3,powershell.exe,rundll32.exe,process,0,0,0,attack
SESSION-00436,4,rundll32.exe,credential_store,file,0,0,0,attack
SESSION-00436,5,rundll32.exe,curl.exe,process,0,0,0,attack
SESSION-00436,6,curl.exe,external_host,network,678448,1,0,attack
SESSION-00437,1,outlook.exe,powershell.exe,process,0,0,1,attack
SESSION-00437,2,powershell.exe,payload.tmp,file,0,0,1,attack
SESSION-00437,3,powershell.exe,rundll32.exe,process,0,0,0,attack
SESSION-00437,4,rundll32.exe,curl.exe,process,0,0,0,attack
SESSION-00437,5,curl.exe,external_host,network,275147,1,0,attack
SESSION-00438,1,outlook.exe,pdf_reader.exe,process,0,0,0,benign
SESSION-00438,2,pdf_reader.exe,document.pdf,file,0,0,0,benign
SESSION-00438,3,document.pdf,cache.tmp,file,0,0,0,benign
SESSION-00439,1,outlook.exe,powershell.exe,process,0,0,1,attack
SESSION-00439,2,powershell.exe,payload.tmp,file,0,0,1,attack
SESSION-00439,3,powershell.exe,rundll32.exe,process,0,0,0,attack
SESSION-00439,4,rundll32.exe,curl.exe,process,0,0,0,attack
SESSION-00439,5,curl.exe,external_host,network,306025,1,0,attack
SESSION-00440,1,explorer.exe,browser.exe,process,0,0,0,benign
SESSION-00440,2,browser.exe,trusted_api,network,27380,1,0,benign
SESSION-00441,1,outlook.exe,powershell.exe,process,0,0,1,attack
SESSION-00441,2,powershell.exe,payload.tmp,file,0,0,1,attack
SESSION-00441,3,powershell.exe,rundll32.exe,process,0,0,0,attack
SESSION-00441,4,rundll32.exe,curl.exe,process,0,0,0,attack
SESSION-00441,5,curl.exe,external_host,network,774270,1,0,attack
SESSION-00442,1,outlook.exe,pdf_reader.exe,process,0,0,0,benign
SESSION-00442,2,pdf_reader.exe,document.pdf,file,0,0,0,benign
SESSION-00443,1,backup.exe,archive.zip,file,0,0,0,benign
SESSION-00443,2,backup.exe,backup_server,network,34950,0,0,benign
SESSION-00444,1,explorer.exe,browser.exe,process,0,0,0,benign
SESSION-00444,2,browser.exe,trusted_api,network,35873,1,0,benign
SESSION-00444,3,trusted_api,cache.tmp,file,0,0,0,benign
SESSION-00445,1,teams.exe,browser.exe,process,0,0,0,benign
SESSION-00445,2,browser.exe,company_portal,network,8674,0,0,benign
SESSION-00446,1,teams.exe,browser.exe,process,0,0,0,benign
SESSION-00446,2,browser.exe,company_portal,network,64025,0,0,benign
SESSION-00447,1,teams.exe,browser.exe,process,0,0,0,benign
SESSION-00447,2,browser.exe,company_portal,network,28687,0,0,benign
SESSION-00447,3,company_portal,cache.tmp,file,0,0,0,benign
SESSION-00448,1,explorer.exe,browser.exe,process,0,0,0,benign
SESSION-00448,2,browser.exe,trusted_api,network,33823,1,0,benign
SESSION-00449,1,python.exe,analysis.csv,file,0,0,0,benign
SESSION-00449,2,python.exe,local_database,network,52285,0,0,benign
SESSION-00450,1,outlook.exe,pdf_reader.exe,process,0,0,0,benign
SESSION-00450,2,pdf_reader.exe,document.pdf,file,0,0,0,benign
SESSION-00450,3,document.pdf,cache.tmp,file,0,0,0,benign
SESSION-00451,1,explorer.exe,browser.exe,process,0,0,0,benign
SESSION-00451,2,browser.exe,trusted_api,network,47475,1,0,benign
SESSION-00452,1,outlook.exe,pdf_reader.exe,process,0,0,0,benign
SESSION-00452,2,pdf_reader.exe,document.pdf,file,0,0,0,benign
SESSION-00453,1,teams.exe,browser.exe,process,0,0,0,benign
SESSION-00453,2,browser.exe,company_portal,network,39635,0,0,benign
SESSION-00454,1,outlook.exe,powershell.exe,process,0,0,1,attack
SESSION-00454,2,powershell.exe,payload.tmp,file,0,0,1,attack
SESSION-00454,3,powershell.exe,rundll32.exe,process,0,0,0,attack
SESSION-00454,4,rundll32.exe,credential_store,file,0,0,0,attack
SESSION-00454,5,rundll32.exe,curl.exe,process,0,0,0,attack
SESSION-00454,6,curl.exe,external_host,network,418147,1,0,attack
SESSION-00455,1,teams.exe,browser.exe,process,0,0,0,benign
SESSION-00455,2,browser.exe,company_portal,network,20983,0,0,benign
SESSION-00456,1,outlook.exe,pdf_reader.exe,process,0,0,0,benign
SESSION-00456,2,pdf_reader.exe,document.pdf,file,0,0,0,benign
SESSION-00457,1,outlook.exe,powershell.exe,process,0,0,1,attack
SESSION-00457,2,powershell.exe,payload.tmp,file,0,0,1,attack
SESSION-00457,3,powershell.exe,rundll32.exe,process,0,0,0,attack
SESSION-00457,4,rundll32.exe,curl.exe,process,0,0,0,attack
SESSION-00457,5,curl.exe,external_host,network,619954,1,0,attack
SESSION-00458,1,python.exe,analysis.csv,file,0,0,0,benign
SESSION-00458,2,python.exe,local_database,network,5478,0,0,benign
SESSION-00458,3,local_database,cache.tmp,file,0,0,0,benign
SESSION-00459,1,outlook.exe,powershell.exe,process,0,0,1,benign
SESSION-00459,2,powershell.exe,payload.tmp,file,0,0,1,benign
SESSION-00459,3,powershell.exe,rundll32.exe,process,0,0,0,benign
SESSION-00459,4,rundll32.exe,curl.exe,process,0,0,0,benign
SESSION-00459,5,curl.exe,external_host,network,769806,1,0,benign
SESSION-00460,1,outlook.exe,powershell.exe,process,0,0,1,attack
SESSION-00460,2,powershell.exe,payload.tmp,file,0,0,1,attack
SESSION-00460,3,powershell.exe,rundll32.exe,process,0,0,0,attack
SESSION-00460,4,rundll32.exe,credential_store,file,0,0,0,attack
SESSION-00460,5,rundll32.exe,curl.exe,process,0,0,0,attack
SESSION-00460,6,curl.exe,external_host,network,405077,1,0,attack
SESSION-00461,1,teams.exe,browser.exe,process,0,0,0,benign
SESSION-00461,2,browser.exe,company_portal,network,57799,0,0,benign
SESSION-00461,3,company_portal,cache.tmp,file,0,0,0,benign
SESSION-00462,1,teams.exe,browser.exe,process,0,0,0,benign
SESSION-00462,2,browser.exe,company_portal,network,17479,0,0,benign
SESSION-00462,3,company_portal,cache.tmp,file,0,0,0,benign
SESSION-00463,1,outlook.exe,powershell.exe,process,0,0,1,attack
SESSION-00463,2,powershell.exe,payload.tmp,file,0,0,1,attack
SESSION-00463,3,powershell.exe,rundll32.exe,process,0,0,0,attack
SESSION-00463,4,rundll32.exe,curl.exe,process,0,0,0,attack
SESSION-00463,5,curl.exe,external_host,network,442901,1,0,attack
SESSION-00464,1,teams.exe,browser.exe,process,0,0,0,benign
SESSION-00464,2,browser.exe,company_portal,network,8478,0,0,benign
SESSION-00465,1,python.exe,analysis.csv,file,0,0,0,benign
SESSION-00465,2,python.exe,local_database,network,3090,0,0,benign
SESSION-00466,1,backup.exe,archive.zip,file,0,0,0,benign
SESSION-00466,2,backup.exe,backup_server,network,10095,0,0,benign
SESSION-00467,1,explorer.exe,browser.exe,process,0,0,0,benign
SESSION-00467,2,browser.exe,trusted_api,network,54038,1,0,benign
SESSION-00467,3,trusted_api,cache.tmp,file,0,0,0,benign
SESSION-00468,1,outlook.exe,pdf_reader.exe,process,0,0,0,attack
SESSION-00468,2,pdf_reader.exe,document.pdf,file,0,0,0,attack
SESSION-00468,3,document.pdf,cache.tmp,file,0,0,0,attack
SESSION-00469,1,outlook.exe,powershell.exe,process,0,0,1,attack
SESSION-00469,2,powershell.exe,payload.tmp,file,0,0,1,attack
SESSION-00469,3,powershell.exe,rundll32.exe,process,0,0,0,attack
SESSION-00469,4,rundll32.exe,credential_store,file,0,0,0,attack
SESSION-00469,5,rundll32.exe,curl.exe,process,0,0,0,attack
SESSION-00469,6,curl.exe,external_host,network,151909,1,0,attack
SESSION-00470,1,explorer.exe,browser.exe,process,0,0,0,benign
SESSION-00470,2,browser.exe,trusted_api,network,7356,1,0,benign
SESSION-00471,1,teams.exe,browser.exe,process,0,0,0,benign
SESSION-00471,2,browser.exe,company_portal,network,29719,0,0,benign
SESSION-00472,1,python.exe,analysis.csv,file,0,0,0,benign
SESSION-00472,2,python.exe,local_database,network,12575,0,0,benign
SESSION-00472,3,local_database,cache.tmp,file,0,0,0,benign
SESSION-00473,1,python.exe,analysis.csv,file,0,0,0,benign
SESSION-00473,2,python.exe,local_database,network,28581,0,0,benign
SESSION-00473,3,local_database,cache.tmp,file,0,0,0,benign
SESSION-00474,1,explorer.exe,browser.exe,process,0,0,0,benign
SESSION-00474,2,browser.exe,trusted_api,network,62033,1,0,benign
SESSION-00475,1,outlook.exe,powershell.exe,process,0,0,1,attack
SESSION-00475,2,powershell.exe,payload.tmp,file,0,0,1,attack
SESSION-00475,3,powershell.exe,rundll32.exe,process,0,0,0,attack
SESSION-00475,4,rundll32.exe,credential_store,file,0,0,0,attack
SESSION-00475,5,rundll32.exe,curl.exe,process,0,0,0,attack
SESSION-00475,6,curl.exe,external_host,network,642560,1,0,attack
SESSION-00476,1,outlook.exe,powershell.exe,process,0,0,1,attack
SESSION-00476,2,powershell.exe,payload.tmp,file,0,0,1,attack
SESSION-00476,3,powershell.exe,rundll32.exe,process,0,0,0,attack
SESSION-00476,4,rundll32.exe,credential_store,file,0,0,0,attack
SESSION-00476,5,rundll32.exe,curl.exe,process,0,0,0,attack
SESSION-00476,6,curl.exe,external_host,network,613401,1,0,attack
SESSION-00477,1,backup.exe,archive.zip,file,0,0,0,benign
SESSION-00477,2,backup.exe,backup_server,network,23370,0,0,benign
SESSION-00478,1,python.exe,analysis.csv,file,0,0,0,benign
SESSION-00478,2,python.exe,local_database,network,60258,0,0,benign
SESSION-00479,1,explorer.exe,browser.exe,process,0,0,0,benign
SESSION-00479,2,browser.exe,trusted_api,network,40391,1,0,benign
SESSION-00480,1,explorer.exe,browser.exe,process,0,0,0,benign
SESSION-00480,2,browser.exe,trusted_api,network,64753,1,0,benign
SESSION-00481,1,outlook.exe,pdf_reader.exe,process,0,0,0,benign
SESSION-00481,2,pdf_reader.exe,document.pdf,file,0,0,0,benign
SESSION-00482,1,backup.exe,archive.zip,file,0,0,0,benign
SESSION-00482,2,backup.exe,backup_server,network,31771,0,0,benign
SESSION-00483,1,backup.exe,archive.zip,file,0,0,0,benign
SESSION-00483,2,backup.exe,backup_server,network,32984,0,0,benign
SESSION-00484,1,explorer.exe,browser.exe,process,0,0,0,benign
SESSION-00484,2,browser.exe,trusted_api,network,6526,1,0,benign
SESSION-00485,1,outlook.exe,pdf_reader.exe,process,0,0,0,benign
SESSION-00485,2,pdf_reader.exe,document.pdf,file,0,0,0,benign
SESSION-00486,1,python.exe,analysis.csv,file,0,0,0,benign
SESSION-00486,2,python.exe,local_database,network,39105,0,0,benign
SESSION-00486,3,local_database,cache.tmp,file,0,0,0,benign
SESSION-00487,1,explorer.exe,browser.exe,process,0,0,0,attack
SESSION-00487,2,browser.exe,trusted_api,network,42708,1,0,attack
SESSION-00488,1,outlook.exe,powershell.exe,process,0,0,1,benign
SESSION-00488,2,powershell.exe,payload.tmp,file,0,0,1,benign
SESSION-00488,3,powershell.exe,rundll32.exe,process,0,0,0,benign
SESSION-00488,4,rundll32.exe,curl.exe,process,0,0,0,benign
SESSION-00488,5,curl.exe,external_host,network,434195,1,0,benign
SESSION-00489,1,outlook.exe,powershell.exe,process,0,0,1,attack
SESSION-00489,2,powershell.exe,payload.tmp,file,0,0,1,attack
SESSION-00489,3,powershell.exe,rundll32.exe,process,0,0,0,attack
SESSION-00489,4,rundll32.exe,curl.exe,process,0,0,0,attack
SESSION-00489,5,curl.exe,external_host,network,872777,1,0,attack
SESSION-00490,1,explorer.exe,browser.exe,process,0,0,0,benign
SESSION-00490,2,browser.exe,trusted_api,network,21408,1,0,benign
SESSION-00491,1,outlook.exe,powershell.exe,process,0,0,1,attack
SESSION-00491,2,powershell.exe,payload.tmp,file,0,0,1,attack
SESSION-00491,3,powershell.exe,rundll32.exe,process,0,0,0,attack
SESSION-00491,4,rundll32.exe,curl.exe,process,0,0,0,attack
SESSION-00491,5,curl.exe,external_host,network,418052,1,0,attack
SESSION-00492,1,outlook.exe,pdf_reader.exe,process,0,0,0,benign
SESSION-00492,2,pdf_reader.exe,document.pdf,file,0,0,0,benign
SESSION-00492,3,document.pdf,cache.tmp,file,0,0,0,benign
SESSION-00493,1,outlook.exe,powershell.exe,process,0,0,1,attack
SESSION-00493,2,powershell.exe,payload.tmp,file,0,0,1,attack
SESSION-00493,3,powershell.exe,rundll32.exe,process,0,0,0,attack
SESSION-00493,4,rundll32.exe,credential_store,file,0,0,0,attack
SESSION-00493,5,rundll32.exe,curl.exe,process,0,0,0,attack
SESSION-00493,6,curl.exe,external_host,network,899039,1,0,attack
SESSION-00494,1,explorer.exe,browser.exe,process,0,0,0,benign
SESSION-00494,2,browser.exe,trusted_api,network,64387,1,0,benign
SESSION-00495,1,python.exe,analysis.csv,file,0,0,0,benign
SESSION-00495,2,python.exe,local_database,network,60774,0,0,benign
SESSION-00495,3,local_database,cache.tmp,file,0,0,0,benign
SESSION-00496,1,outlook.exe,pdf_reader.exe,process,0,0,0,benign
SESSION-00496,2,pdf_reader.exe,document.pdf,file,0,0,0,benign
SESSION-00497,1,outlook.exe,pdf_reader.exe,process,0,0,0,benign
SESSION-00497,2,pdf_reader.exe,document.pdf,file,0,0,0,benign
SESSION-00498,1,explorer.exe,browser.exe,process,0,0,0,benign
SESSION-00498,2,browser.exe,trusted_api,network,22213,1,0,benign
SESSION-00499,1,python.exe,analysis.csv,file,0,0,0,benign
SESSION-00499,2,python.exe,local_database,network,42110,0,0,benign
SESSION-00500,1,python.exe,analysis.csv,file,0,0,0,benign
SESSION-00500,2,python.exe,local_database,network,22832,0,0,benign
SESSION-00500,3,local_database,cache.tmp,file,0,0,0,benign
SESSION-00501,1,outlook.exe,powershell.exe,process,0,0,1,attack
SESSION-00501,2,powershell.exe,payload.tmp,file,0,0,1,attack
SESSION-00501,3,powershell.exe,rundll32.exe,process,0,0,0,attack
SESSION-00501,4,rundll32.exe,credential_store,file,0,0,0,attack
SESSION-00501,5,rundll32.exe,curl.exe,process,0,0,0,attack
SESSION-00501,6,curl.exe,external_host,network,888024,1,0,attack
SESSION-00502,1,python.exe,analysis.csv,file,0,0,0,benign
SESSION-00502,2,python.exe,local_database,network,13141,0,0,benign
SESSION-00502,3,local_database,cache.tmp,file,0,0,0,benign
SESSION-00503,1,outlook.exe,powershell.exe,process,0,0,1,attack
SESSION-00503,2,powershell.exe,payload.tmp,file,0,0,1,attack
SESSION-00503,3,powershell.exe,rundll32.exe,process,0,0,0,attack
SESSION-00503,4,rundll32.exe,credential_store,file,0,0,0,attack
SESSION-00503,5,rundll32.exe,curl.exe,process,0,0,0,attack
SESSION-00503,6,curl.exe,external_host,network,97347,1,0,attack
SESSION-00504,1,backup.exe,archive.zip,file,0,0,0,attack
SESSION-00504,2,backup.exe,backup_server,network,38648,0,0,attack
SESSION-00504,3,backup_server,cache.tmp,file,0,0,0,attack
SESSION-00505,1,python.exe,analysis.csv,file,0,0,0,benign
SESSION-00505,2,python.exe,local_database,network,40213,0,0,benign
SESSION-00506,1,python.exe,analysis.csv,file,0,0,0,benign
SESSION-00506,2,python.exe,local_database,network,52573,0,0,benign
SESSION-00507,1,outlook.exe,powershell.exe,process,0,0,1,attack
SESSION-00507,2,powershell.exe,payload.tmp,file,0,0,1,attack
SESSION-00507,3,powershell.exe,rundll32.exe,process,0,0,0,attack
SESSION-00507,4,rundll32.exe,curl.exe,process,0,0,0,attack
SESSION-00507,5,curl.exe,external_host,network,567072,1,0,attack
SESSION-00508,1,outlook.exe,powershell.exe,process,0,0,1,attack
SESSION-00508,2,powershell.exe,payload.tmp,file,0,0,1,attack
SESSION-00508,3,powershell.exe,rundll32.exe,process,0,0,0,attack
SESSION-00508,4,rundll32.exe,curl.exe,process,0,0,0,attack
SESSION-00508,5,curl.exe,external_host,network,821201,1,0,attack
SESSION-00509,1,backup.exe,archive.zip,file,0,0,0,benign
SESSION-00509,2,backup.exe,backup_server,network,62048,0,0,benign
SESSION-00510,1,teams.exe,browser.exe,process,0,0,0,benign
SESSION-00510,2,browser.exe,company_portal,network,24658,0,0,benign
SESSION-00510,3,company_portal,cache.tmp,file,0,0,0,benign
SESSION-00511,1,outlook.exe,powershell.exe,process,0,0,1,attack
SESSION-00511,2,powershell.exe,payload.tmp,file,0,0,1,attack
SESSION-00511,3,powershell.exe,rundll32.exe,process,0,0,0,attack
SESSION-00511,4,rundll32.exe,credential_store,file,0,0,0,attack
SESSION-00511,5,rundll32.exe,curl.exe,process,0,0,0,attack
SESSION-00511,6,curl.exe,external_host,network,475269,1,0,attack
SESSION-00512,1,teams.exe,browser.exe,process,0,0,0,benign
SESSION-00512,2,browser.exe,company_portal,network,17602,0,0,benign
SESSION-00513,1,teams.exe,browser.exe,process,0,0,0,benign
SESSION-00513,2,browser.exe,company_portal,network,4888,0,0,benign
SESSION-00514,1,explorer.exe,browser.exe,process,0,0,0,benign
SESSION-00514,2,browser.exe,trusted_api,network,13230,1,0,benign
SESSION-00514,3,trusted_api,cache.tmp,file,0,0,0,benign
SESSION-00515,1,explorer.exe,browser.exe,process,0,0,0,benign
SESSION-00515,2,browser.exe,trusted_api,network,7241,1,0,benign
SESSION-00516,1,explorer.exe,browser.exe,process,0,0,0,benign
SESSION-00516,2,browser.exe,trusted_api,network,40340,1,0,benign
SESSION-00516,3,trusted_api,cache.tmp,file,0,0,0,benign
SESSION-00517,1,backup.exe,archive.zip,file,0,0,0,benign
SESSION-00517,2,backup.exe,backup_server,network,34084,0,0,benign
SESSION-00518,1,explorer.exe,browser.exe,process,0,0,0,benign
SESSION-00518,2,browser.exe,trusted_api,network,16655,1,0,benign
SESSION-00519,1,outlook.exe,powershell.exe,process,0,0,1,attack
SESSION-00519,2,powershell.exe,payload.tmp,file,0,0,1,attack
SESSION-00519,3,powershell.exe,rundll32.exe,process,0,0,0,attack
SESSION-00519,4,rundll32.exe,curl.exe,process,0,0,0,attack
SESSION-00519,5,curl.exe,external_host,network,875982,1,0,attack
SESSION-00520,1,teams.exe,browser.exe,process,0,0,0,benign
SESSION-00520,2,browser.exe,company_portal,network,38026,0,0,benign
SESSION-00520,3,company_portal,cache.tmp,file,0,0,0,benign
SESSION-00521,1,teams.exe,browser.exe,process,0,0,0,benign
SESSION-00521,2,browser.exe,company_portal,network,47976,0,0,benign
SESSION-00522,1,python.exe,analysis.csv,file,0,0,0,benign
SESSION-00522,2,python.exe,local_database,network,21669,0,0,benign
SESSION-00523,1,backup.exe,archive.zip,file,0,0,0,benign
SESSION-00523,2,backup.exe,backup_server,network,13012,0,0,benign
SESSION-00523,3,backup_server,cache.tmp,file,0,0,0,benign
SESSION-00524,1,python.exe,analysis.csv,file,0,0,0,benign
SESSION-00524,2,python.exe,local_database,network,48251,0,0,benign
SESSION-00524,3,local_database,cache.tmp,file,0,0,0,benign
SESSION-00525,1,explorer.exe,browser.exe,process,0,0,0,benign
SESSION-00525,2,browser.exe,trusted_api,network,55658,1,0,benign
SESSION-00525,3,trusted_api,cache.tmp,file,0,0,0,benign
SESSION-00526,1,explorer.exe,browser.exe,process,0,0,0,benign
SESSION-00526,2,browser.exe,trusted_api,network,18247,1,0,benign
SESSION-00527,1,python.exe,analysis.csv,file,0,0,0,benign
SESSION-00527,2,python.exe,local_database,network,7569,0,0,benign
SESSION-00528,1,python.exe,analysis.csv,file,0,0,0,benign
SESSION-00528,2,python.exe,local_database,network,31944,0,0,benign
SESSION-00529,1,outlook.exe,powershell.exe,process,0,0,1,attack
SESSION-00529,2,powershell.exe,payload.tmp,file,0,0,1,attack
SESSION-00529,3,powershell.exe,rundll32.exe,process,0,0,0,attack
SESSION-00529,4,rundll32.exe,curl.exe,process,0,0,0,attack
SESSION-00529,5,curl.exe,external_host,network,100948,1,0,attack
SESSION-00530,1,backup.exe,archive.zip,file,0,0,0,benign
SESSION-00530,2,backup.exe,backup_server,network,52460,0,0,benign
SESSION-00531,1,outlook.exe,powershell.exe,process,0,0,1,attack
SESSION-00531,2,powershell.exe,payload.tmp,file,0,0,1,attack
SESSION-00531,3,powershell.exe,rundll32.exe,process,0,0,0,attack
SESSION-00531,4,rundll32.exe,curl.exe,process,0,0,0,attack
SESSION-00531,5,curl.exe,external_host,network,861439,1,0,attack
SESSION-00532,1,outlook.exe,powershell.exe,process,0,0,1,attack
SESSION-00532,2,powershell.exe,payload.tmp,file,0,0,1,attack
SESSION-00532,3,powershell.exe,rundll32.exe,process,0,0,0,attack
SESSION-00532,4,rundll32.exe,credential_store,file,0,0,0,attack
SESSION-00532,5,rundll32.exe,curl.exe,process,0,0,0,attack
SESSION-00532,6,curl.exe,external_host,network,233410,1,0,attack
SESSION-00533,1,outlook.exe,powershell.exe,process,0,0,1,attack
SESSION-00533,2,powershell.exe,payload.tmp,file,0,0,1,attack
SESSION-00533,3,powershell.exe,rundll32.exe,process,0,0,0,attack
SESSION-00533,4,rundll32.exe,credential_store,file,0,0,0,attack
SESSION-00533,5,rundll32.exe,curl.exe,process,0,0,0,attack
SESSION-00533,6,curl.exe,external_host,network,643777,1,0,attack
SESSION-00534,1,outlook.exe,pdf_reader.exe,process,0,0,0,benign
SESSION-00534,2,pdf_reader.exe,document.pdf,file,0,0,0,benign
SESSION-00534,3,document.pdf,cache.tmp,file,0,0,0,benign
SESSION-00535,1,outlook.exe,pdf_reader.exe,process,0,0,0,benign
SESSION-00535,2,pdf_reader.exe,document.pdf,file,0,0,0,benign
SESSION-00536,1,python.exe,analysis.csv,file,0,0,0,attack
SESSION-00536,2,python.exe,local_database,network,17642,0,0,attack
SESSION-00537,1,explorer.exe,browser.exe,process,0,0,0,benign
SESSION-00537,2,browser.exe,trusted_api,network,25803,1,0,benign
SESSION-00538,1,outlook.exe,powershell.exe,process,0,0,1,benign
SESSION-00538,2,powershell.exe,payload.tmp,file,0,0,1,benign
SESSION-00538,3,powershell.exe,rundll32.exe,process,0,0,0,benign
SESSION-00538,4,rundll32.exe,credential_store,file,0,0,0,benign
SESSION-00538,5,rundll32.exe,curl.exe,process,0,0,0,benign
SESSION-00538,6,curl.exe,external_host,network,598588,1,0,benign
SESSION-00539,1,python.exe,analysis.csv,file,0,0,0,benign
SESSION-00539,2,python.exe,local_database,network,8120,0,0,benign
SESSION-00540,1,outlook.exe,powershell.exe,process,0,0,1,attack
SESSION-00540,2,powershell.exe,payload.tmp,file,0,0,1,attack
SESSION-00540,3,powershell.exe,rundll32.exe,process,0,0,0,attack
SESSION-00540,4,rundll32.exe,curl.exe,process,0,0,0,attack
SESSION-00540,5,curl.exe,external_host,network,721912,1,0,attack
SESSION-00541,1,outlook.exe,powershell.exe,process,0,0,1,attack
SESSION-00541,2,powershell.exe,payload.tmp,file,0,0,1,attack
SESSION-00541,3,powershell.exe,rundll32.exe,process,0,0,0,attack
SESSION-00541,4,rundll32.exe,curl.exe,process,0,0,0,attack
SESSION-00541,5,curl.exe,external_host,network,491380,1,0,attack
SESSION-00542,1,outlook.exe,powershell.exe,process,0,0,1,benign
SESSION-00542,2,powershell.exe,payload.tmp,file,0,0,1,benign
SESSION-00542,3,powershell.exe,rundll32.exe,process,0,0,0,benign
SESSION-00542,4,rundll32.exe,credential_store,file,0,0,0,benign
SESSION-00542,5,rundll32.exe,curl.exe,process,0,0,0,benign
SESSION-00542,6,curl.exe,external_host,network,598531,1,0,benign
SESSION-00543,1,teams.exe,browser.exe,process,0,0,0,benign
SESSION-00543,2,browser.exe,company_portal,network,23186,0,0,benign
SESSION-00544,1,outlook.exe,powershell.exe,process,0,0,1,attack
SESSION-00544,2,powershell.exe,payload.tmp,file,0,0,1,attack
SESSION-00544,3,powershell.exe,rundll32.exe,process,0,0,0,attack
SESSION-00544,4,rundll32.exe,credential_store,file,0,0,0,attack
SESSION-00544,5,rundll32.exe,curl.exe,process,0,0,0,attack
SESSION-00544,6,curl.exe,external_host,network,164381,1,0,attack
SESSION-00545,1,backup.exe,archive.zip,file,0,0,0,benign
SESSION-00545,2,backup.exe,backup_server,network,20338,0,0,benign
SESSION-00545,3,backup_server,cache.tmp,file,0,0,0,benign
SESSION-00546,1,outlook.exe,powershell.exe,process,0,0,1,attack
SESSION-00546,2,powershell.exe,payload.tmp,file,0,0,1,attack
SESSION-00546,3,powershell.exe,rundll32.exe,process,0,0,0,attack
SESSION-00546,4,rundll32.exe,credential_store,file,0,0,0,attack
SESSION-00546,5,rundll32.exe,curl.exe,process,0,0,0,attack
SESSION-00546,6,curl.exe,external_host,network,469399,1,0,attack
SESSION-00547,1,python.exe,analysis.csv,file,0,0,0,benign
SESSION-00547,2,python.exe,local_database,network,28690,0,0,benign
SESSION-00548,1,backup.exe,archive.zip,file,0,0,0,benign
SESSION-00548,2,backup.exe,backup_server,network,18306,0,0,benign
SESSION-00549,1,explorer.exe,browser.exe,process,0,0,0,benign
SESSION-00549,2,browser.exe,trusted_api,network,19607,1,0,benign
SESSION-00550,1,backup.exe,archive.zip,file,0,0,0,benign
SESSION-00550,2,backup.exe,backup_server,network,63521,0,0,benign
SESSION-00550,3,backup_server,cache.tmp,file,0,0,0,benign
SESSION-00551,1,outlook.exe,powershell.exe,process,0,0,1,benign
SESSION-00551,2,powershell.exe,payload.tmp,file,0,0,1,benign
SESSION-00551,3,powershell.exe,rundll32.exe,process,0,0,0,benign
SESSION-00551,4,rundll32.exe,credential_store,file,0,0,0,benign
SESSION-00551,5,rundll32.exe,curl.exe,process,0,0,0,benign
SESSION-00551,6,curl.exe,external_host,network,410633,1,0,benign
SESSION-00552,1,outlook.exe,pdf_reader.exe,process,0,0,0,benign
SESSION-00552,2,pdf_reader.exe,document.pdf,file,0,0,0,benign
SESSION-00553,1,outlook.exe,powershell.exe,process,0,0,1,attack
SESSION-00553,2,powershell.exe,payload.tmp,file,0,0,1,attack
SESSION-00553,3,powershell.exe,rundll32.exe,process,0,0,0,attack
SESSION-00553,4,rundll32.exe,curl.exe,process,0,0,0,attack
SESSION-00553,5,curl.exe,external_host,network,408420,1,0,attack
SESSION-00554,1,outlook.exe,pdf_reader.exe,process,0,0,0,benign
SESSION-00554,2,pdf_reader.exe,document.pdf,file,0,0,0,benign
SESSION-00555,1,explorer.exe,browser.exe,process,0,0,0,benign
SESSION-00555,2,browser.exe,trusted_api,network,58705,1,0,benign
SESSION-00555,3,trusted_api,cache.tmp,file,0,0,0,benign
SESSION-00556,1,outlook.exe,powershell.exe,process,0,0,1,attack
SESSION-00556,2,powershell.exe,payload.tmp,file,0,0,1,attack
SESSION-00556,3,powershell.exe,rundll32.exe,process,0,0,0,attack
SESSION-00556,4,rundll32.exe,credential_store,file,0,0,0,attack
SESSION-00556,5,rundll32.exe,curl.exe,process,0,0,0,attack
SESSION-00556,6,curl.exe,external_host,network,533818,1,0,attack
SESSION-00557,1,explorer.exe,browser.exe,process,0,0,0,benign
SESSION-00557,2,browser.exe,trusted_api,network,20690,1,0,benign
SESSION-00558,1,backup.exe,archive.zip,file,0,0,0,benign
SESSION-00558,2,backup.exe,backup_server,network,28199,0,0,benign
SESSION-00559,1,teams.exe,browser.exe,process,0,0,0,benign
SESSION-00559,2,browser.exe,company_portal,network,9040,0,0,benign
SESSION-00560,1,outlook.exe,powershell.exe,process,0,0,1,attack
SESSION-00560,2,powershell.exe,payload.tmp,file,0,0,1,attack
SESSION-00560,3,powershell.exe,rundll32.exe,process,0,0,0,attack
SESSION-00560,4,rundll32.exe,credential_store,file,0,0,0,attack
SESSION-00560,5,rundll32.exe,curl.exe,process,0,0,0,attack
SESSION-00560,6,curl.exe,external_host,network,505717,1,0,attack
SESSION-00561,1,outlook.exe,pdf_reader.exe,process,0,0,0,benign
SESSION-00561,2,pdf_reader.exe,document.pdf,file,0,0,0,benign
SESSION-00561,3,document.pdf,cache.tmp,file,0,0,0,benign
SESSION-00562,1,outlook.exe,powershell.exe,process,0,0,1,attack
SESSION-00562,2,powershell.exe,payload.tmp,file,0,0,1,attack
SESSION-00562,3,powershell.exe,rundll32.exe,process,0,0,0,attack
SESSION-00562,4,rundll32.exe,credential_store,file,0,0,0,attack
SESSION-00562,5,rundll32.exe,curl.exe,process,0,0,0,attack
SESSION-00562,6,curl.exe,external_host,network,112439,1,0,attack
SESSION-00563,1,outlook.exe,powershell.exe,process,0,0,1,attack
SESSION-00563,2,powershell.exe,payload.tmp,file,0,0,1,attack
SESSION-00563,3,powershell.exe,rundll32.exe,process,0,0,0,attack
SESSION-00563,4,rundll32.exe,credential_store,file,0,0,0,attack
SESSION-00563,5,rundll32.exe,curl.exe,process,0,0,0,attack
SESSION-00563,6,curl.exe,external_host,network,828206,1,0,attack
SESSION-00564,1,outlook.exe,pdf_reader.exe,process,0,0,0,benign
SESSION-00564,2,pdf_reader.exe,document.pdf,file,0,0,0,benign
SESSION-00564,3,document.pdf,cache.tmp,file,0,0,0,benign
SESSION-00565,1,outlook.exe,powershell.exe,process,0,0,1,attack
SESSION-00565,2,powershell.exe,payload.tmp,file,0,0,1,attack
SESSION-00565,3,powershell.exe,rundll32.exe,process,0,0,0,attack
SESSION-00565,4,rundll32.exe,curl.exe,process,0,0,0,attack
SESSION-00565,5,curl.exe,external_host,network,319020,1,0,attack
SESSION-00566,1,teams.exe,browser.exe,process,0,0,0,benign
SESSION-00566,2,browser.exe,company_portal,network,52327,0,0,benign
SESSION-00566,3,company_portal,cache.tmp,file,0,0,0,benign
SESSION-00567,1,python.exe,analysis.csv,file,0,0,0,benign
SESSION-00567,2,python.exe,local_database,network,48205,0,0,benign
SESSION-00568,1,backup.exe,archive.zip,file,0,0,0,benign
SESSION-00568,2,backup.exe,backup_server,network,46999,0,0,benign
SESSION-00568,3,backup_server,cache.tmp,file,0,0,0,benign
SESSION-00569,1,backup.exe,archive.zip,file,0,0,0,benign
SESSION-00569,2,backup.exe,backup_server,network,60405,0,0,benign
SESSION-00570,1,outlook.exe,powershell.exe,process,0,0,1,attack
SESSION-00570,2,powershell.exe,payload.tmp,file,0,0,1,attack
SESSION-00570,3,powershell.exe,rundll32.exe,process,0,0,0,attack
SESSION-00570,4,rundll32.exe,credential_store,file,0,0,0,attack
SESSION-00570,5,rundll32.exe,curl.exe,process,0,0,0,attack
SESSION-00570,6,curl.exe,external_host,network,895300,1,0,attack
SESSION-00571,1,backup.exe,archive.zip,file,0,0,0,benign
SESSION-00571,2,backup.exe,backup_server,network,39951,0,0,benign
SESSION-00572,1,outlook.exe,powershell.exe,process,0,0,1,attack
SESSION-00572,2,powershell.exe,payload.tmp,file,0,0,1,attack
SESSION-00572,3,powershell.exe,rundll32.exe,process,0,0,0,attack
SESSION-00572,4,rundll32.exe,credential_store,file,0,0,0,attack
SESSION-00572,5,rundll32.exe,curl.exe,process,0,0,0,attack
SESSION-00572,6,curl.exe,external_host,network,882660,1,0,attack
SESSION-00573,1,python.exe,analysis.csv,file,0,0,0,benign
SESSION-00573,2,python.exe,local_database,network,63185,0,0,benign
SESSION-00574,1,outlook.exe,pdf_reader.exe,process,0,0,0,benign
SESSION-00574,2,pdf_reader.exe,document.pdf,file,0,0,0,benign
SESSION-00575,1,teams.exe,browser.exe,process,0,0,0,benign
SESSION-00575,2,browser.exe,company_portal,network,33658,0,0,benign
SESSION-00576,1,outlook.exe,powershell.exe,process,0,0,1,attack
SESSION-00576,2,powershell.exe,payload.tmp,file,0,0,1,attack
SESSION-00576,3,powershell.exe,rundll32.exe,process,0,0,0,attack
SESSION-00576,4,rundll32.exe,credential_store,file,0,0,0,attack
SESSION-00576,5,rundll32.exe,curl.exe,process,0,0,0,attack
SESSION-00576,6,curl.exe,external_host,network,120755,1,0,attack
SESSION-00577,1,explorer.exe,browser.exe,process,0,0,0,benign
SESSION-00577,2,browser.exe,trusted_api,network,32448,1,0,benign
SESSION-00577,3,trusted_api,cache.tmp,file,0,0,0,benign
SESSION-00578,1,backup.exe,archive.zip,file,0,0,0,benign
SESSION-00578,2,backup.exe,backup_server,network,33299,0,0,benign
SESSION-00579,1,outlook.exe,powershell.exe,process,0,0,1,attack
SESSION-00579,2,powershell.exe,payload.tmp,file,0,0,1,attack
SESSION-00579,3,powershell.exe,rundll32.exe,process,0,0,0,attack
SESSION-00579,4,rundll32.exe,credential_store,file,0,0,0,attack
SESSION-00579,5,rundll32.exe,curl.exe,process,0,0,0,attack
SESSION-00579,6,curl.exe,external_host,network,873426,1,0,attack
SESSION-00580,1,outlook.exe,pdf_reader.exe,process,0,0,0,benign
SESSION-00580,2,pdf_reader.exe,document.pdf,file,0,0,0,benign
SESSION-00581,1,outlook.exe,powershell.exe,process,0,0,1,attack
SESSION-00581,2,powershell.exe,payload.tmp,file,0,0,1,attack
SESSION-00581,3,powershell.exe,rundll32.exe,process,0,0,0,attack
SESSION-00581,4,rundll32.exe,curl.exe,process,0,0,0,attack
SESSION-00581,5,curl.exe,external_host,network,296028,1,0,attack
SESSION-00582,1,outlook.exe,powershell.exe,process,0,0,1,attack
SESSION-00582,2,powershell.exe,payload.tmp,file,0,0,1,attack
SESSION-00582,3,powershell.exe,rundll32.exe,process,0,0,0,attack
SESSION-00582,4,rundll32.exe,credential_store,file,0,0,0,attack
SESSION-00582,5,rundll32.exe,curl.exe,process,0,0,0,attack
SESSION-00582,6,curl.exe,external_host,network,228124,1,0,attack
SESSION-00583,1,backup.exe,archive.zip,file,0,0,0,benign
SESSION-00583,2,backup.exe,backup_server,network,6398,0,0,benign
SESSION-00583,3,backup_server,cache.tmp,file,0,0,0,benign
SESSION-00584,1,teams.exe,browser.exe,process,0,0,0,benign
SESSION-00584,2,browser.exe,company_portal,network,18300,0,0,benign
SESSION-00584,3,company_portal,cache.tmp,file,0,0,0,benign
SESSION-00585,1,explorer.exe,browser.exe,process,0,0,0,benign
SESSION-00585,2,browser.exe,trusted_api,network,32932,1,0,benign
SESSION-00585,3,trusted_api,cache.tmp,file,0,0,0,benign
SESSION-00586,1,outlook.exe,powershell.exe,process,0,0,1,attack
SESSION-00586,2,powershell.exe,payload.tmp,file,0,0,1,attack
SESSION-00586,3,powershell.exe,rundll32.exe,process,0,0,0,attack
SESSION-00586,4,rundll32.exe,curl.exe,process,0,0,0,attack
SESSION-00586,5,curl.exe,external_host,network,442977,1,0,attack
SESSION-00587,1,teams.exe,browser.exe,process,0,0,0,benign
SESSION-00587,2,browser.exe,company_portal,network,60108,0,0,benign
SESSION-00587,3,company_portal,cache.tmp,file,0,0,0,benign
SESSION-00588,1,outlook.exe,powershell.exe,process,0,0,1,attack
SESSION-00588,2,powershell.exe,payload.tmp,file,0,0,1,attack
SESSION-00588,3,powershell.exe,rundll32.exe,process,0,0,0,attack
SESSION-00588,4,rundll32.exe,credential_store,file,0,0,0,attack
SESSION-00588,5,rundll32.exe,curl.exe,process,0,0,0,attack
SESSION-00588,6,curl.exe,external_host,network,616941,1,0,attack
SESSION-00589,1,backup.exe,archive.zip,file,0,0,0,benign
SESSION-00589,2,backup.exe,backup_server,network,48458,0,0,benign
SESSION-00589,3,backup_server,cache.tmp,file,0,0,0,benign
SESSION-00590,1,python.exe,analysis.csv,file,0,0,0,benign
SESSION-00590,2,python.exe,local_database,network,32090,0,0,benign
SESSION-00590,3,local_database,cache.tmp,file,0,0,0,benign
SESSION-00591,1,outlook.exe,powershell.exe,process,0,0,1,attack
SESSION-00591,2,powershell.exe,payload.tmp,file,0,0,1,attack
SESSION-00591,3,powershell.exe,rundll32.exe,process,0,0,0,attack
SESSION-00591,4,rundll32.exe,credential_store,file,0,0,0,attack
SESSION-00591,5,rundll32.exe,curl.exe,process,0,0,0,attack
SESSION-00591,6,curl.exe,external_host,network,658323,1,0,attack
SESSION-00592,1,teams.exe,browser.exe,process,0,0,0,benign
SESSION-00592,2,browser.exe,company_portal,network,61840,0,0,benign
SESSION-00593,1,backup.exe,archive.zip,file,0,0,0,benign
SESSION-00593,2,backup.exe,backup_server,network,22170,0,0,benign
SESSION-00594,1,backup.exe,archive.zip,file,0,0,0,benign
SESSION-00594,2,backup.exe,backup_server,network,5819,0,0,benign
SESSION-00595,1,outlook.exe,powershell.exe,process,0,0,1,attack
SESSION-00595,2,powershell.exe,payload.tmp,file,0,0,1,attack
SESSION-00595,3,powershell.exe,rundll32.exe,process,0,0,0,attack
SESSION-00595,4,rundll32.exe,credential_store,file,0,0,0,attack
SESSION-00595,5,rundll32.exe,curl.exe,process,0,0,0,attack
SESSION-00595,6,curl.exe,external_host,network,234267,1,0,attack
SESSION-00596,1,explorer.exe,browser.exe,process,0,0,0,benign
SESSION-00596,2,browser.exe,trusted_api,network,17402,1,0,benign
SESSION-00597,1,outlook.exe,pdf_reader.exe,process,0,0,0,benign
SESSION-00597,2,pdf_reader.exe,document.pdf,file,0,0,0,benign
SESSION-00598,1,explorer.exe,browser.exe,process,0,0,0,benign
SESSION-00598,2,browser.exe,trusted_api,network,59317,1,0,benign
SESSION-00599,1,outlook.exe,powershell.exe,process,0,0,1,attack
SESSION-00599,2,powershell.exe,payload.tmp,file,0,0,1,attack
SESSION-00599,3,powershell.exe,rundll32.exe,process,0,0,0,attack
SESSION-00599,4,rundll32.exe,curl.exe,process,0,0,0,attack
SESSION-00599,5,curl.exe,external_host,network,892107,1,0,attack
SESSION-00600,1,teams.exe,browser.exe,process,0,0,0,benign
SESSION-00600,2,browser.exe,company_portal,network,29954,0,0,benign
SESSION-00600,3,company_portal,cache.tmp,file,0,0,0,benign
SESSION-00601,1,python.exe,analysis.csv,file,0,0,0,benign
SESSION-00601,2,python.exe,local_database,network,7101,0,0,benign
SESSION-00602,1,teams.exe,browser.exe,process,0,0,0,benign
SESSION-00602,2,browser.exe,company_portal,network,30115,0,0,benign
SESSION-00603,1,outlook.exe,powershell.exe,process,0,0,1,benign
SESSION-00603,2,powershell.exe,payload.tmp,file,0,0,1,benign
SESSION-00603,3,powershell.exe,rundll32.exe,process,0,0,0,benign
SESSION-00603,4,rundll32.exe,curl.exe,process,0,0,0,benign
SESSION-00603,5,curl.exe,external_host,network,698747,1,0,benign
SESSION-00604,1,outlook.exe,powershell.exe,process,0,0,1,attack
SESSION-00604,2,powershell.exe,payload.tmp,file,0,0,1,attack
SESSION-00604,3,powershell.exe,rundll32.exe,process,0,0,0,attack
SESSION-00604,4,rundll32.exe,credential_store,file,0,0,0,attack
SESSION-00604,5,rundll32.exe,curl.exe,process,0,0,0,attack
SESSION-00604,6,curl.exe,external_host,network,695442,1,0,attack
SESSION-00605,1,outlook.exe,powershell.exe,process,0,0,1,attack
SESSION-00605,2,powershell.exe,payload.tmp,file,0,0,1,attack
SESSION-00605,3,powershell.exe,rundll32.exe,process,0,0,0,attack
SESSION-00605,4,rundll32.exe,curl.exe,process,0,0,0,attack
SESSION-00605,5,curl.exe,external_host,network,611686,1,0,attack
SESSION-00606,1,python.exe,analysis.csv,file,0,0,0,attack
SESSION-00606,2,python.exe,local_database,network,57945,0,0,attack
SESSION-00607,1,outlook.exe,powershell.exe,process,0,0,1,attack
SESSION-00607,2,powershell.exe,payload.tmp,file,0,0,1,attack
SESSION-00607,3,powershell.exe,rundll32.exe,process,0,0,0,attack
SESSION-00607,4,rundll32.exe,curl.exe,process,0,0,0,attack
SESSION-00607,5,curl.exe,external_host,network,239146,1,0,attack
SESSION-00608,1,backup.exe,archive.zip,file,0,0,0,benign
SESSION-00608,2,backup.exe,backup_server,network,40209,0,0,benign
SESSION-00608,3,backup_server,cache.tmp,file,0,0,0,benign
SESSION-00609,1,outlook.exe,powershell.exe,process,0,0,1,benign
SESSION-00609,2,powershell.exe,payload.tmp,file,0,0,1,benign
SESSION-00609,3,powershell.exe,rundll32.exe,process,0,0,0,benign
SESSION-00609,4,rundll32.exe,credential_store,file,0,0,0,benign
SESSION-00609,5,rundll32.exe,curl.exe,process,0,0,0,benign
SESSION-00609,6,curl.exe,external_host,network,325282,1,0,benign
SESSION-00610,1,outlook.exe,pdf_reader.exe,process,0,0,0,benign
SESSION-00610,2,pdf_reader.exe,document.pdf,file,0,0,0,benign
SESSION-00611,1,teams.exe,browser.exe,process,0,0,0,benign
SESSION-00611,2,browser.exe,company_portal,network,7820,0,0,benign
SESSION-00612,1,outlook.exe,pdf_reader.exe,process,0,0,0,benign
SESSION-00612,2,pdf_reader.exe,document.pdf,file,0,0,0,benign
SESSION-00613,1,outlook.exe,pdf_reader.exe,process,0,0,0,benign
SESSION-00613,2,pdf_reader.exe,document.pdf,file,0,0,0,benign
SESSION-00613,3,document.pdf,cache.tmp,file,0,0,0,benign
SESSION-00614,1,outlook.exe,pdf_reader.exe,process,0,0,0,benign
SESSION-00614,2,pdf_reader.exe,document.pdf,file,0,0,0,benign
SESSION-00614,3,document.pdf,cache.tmp,file,0,0,0,benign
SESSION-00615,1,teams.exe,browser.exe,process,0,0,0,benign
SESSION-00615,2,browser.exe,company_portal,network,59912,0,0,benign
SESSION-00615,3,company_portal,cache.tmp,file,0,0,0,benign
SESSION-00616,1,outlook.exe,powershell.exe,process,0,0,1,attack
SESSION-00616,2,powershell.exe,payload.tmp,file,0,0,1,attack
SESSION-00616,3,powershell.exe,rundll32.exe,process,0,0,0,attack
SESSION-00616,4,rundll32.exe,credential_store,file,0,0,0,attack
SESSION-00616,5,rundll32.exe,curl.exe,process,0,0,0,attack
SESSION-00616,6,curl.exe,external_host,network,691599,1,0,attack
SESSION-00617,1,explorer.exe,browser.exe,process,0,0,0,benign
SESSION-00617,2,browser.exe,trusted_api,network,9705,1,0,benign
SESSION-00618,1,explorer.exe,browser.exe,process,0,0,0,benign
SESSION-00618,2,browser.exe,trusted_api,network,11775,1,0,benign
SESSION-00619,1,outlook.exe,powershell.exe,process,0,0,1,attack
SESSION-00619,2,powershell.exe,payload.tmp,file,0,0,1,attack
SESSION-00619,3,powershell.exe,rundll32.exe,process,0,0,0,attack
SESSION-00619,4,rundll32.exe,curl.exe,process,0,0,0,attack
SESSION-00619,5,curl.exe,external_host,network,388922,1,0,attack
SESSION-00620,1,python.exe,analysis.csv,file,0,0,0,benign
SESSION-00620,2,python.exe,local_database,network,37767,0,0,benign
SESSION-00620,3,local_database,cache.tmp,file,0,0,0,benign
SESSION-00621,1,python.exe,analysis.csv,file,0,0,0,attack
SESSION-00621,2,python.exe,local_database,network,47856,0,0,attack
SESSION-00621,3,local_database,cache.tmp,file,0,0,0,attack
SESSION-00622,1,backup.exe,archive.zip,file,0,0,0,benign
SESSION-00622,2,backup.exe,backup_server,network,56340,0,0,benign
SESSION-00623,1,backup.exe,archive.zip,file,0,0,0,attack
SESSION-00623,2,backup.exe,backup_server,network,5546,0,0,attack
SESSION-00624,1,outlook.exe,powershell.exe,process,0,0,1,attack
SESSION-00624,2,powershell.exe,payload.tmp,file,0,0,1,attack
SESSION-00624,3,powershell.exe,rundll32.exe,process,0,0,0,attack
SESSION-00624,4,rundll32.exe,curl.exe,process,0,0,0,attack
SESSION-00624,5,curl.exe,external_host,network,709696,1,0,attack
SESSION-00625,1,python.exe,analysis.csv,file,0,0,0,benign
SESSION-00625,2,python.exe,local_database,network,58025,0,0,benign
SESSION-00625,3,local_database,cache.tmp,file,0,0,0,benign
SESSION-00626,1,outlook.exe,powershell.exe,process,0,0,1,benign
SESSION-00626,2,powershell.exe,payload.tmp,file,0,0,1,benign
SESSION-00626,3,powershell.exe,rundll32.exe,process,0,0,0,benign
SESSION-00626,4,rundll32.exe,curl.exe,process,0,0,0,benign
SESSION-00626,5,curl.exe,external_host,network,891055,1,0,benign
SESSION-00627,1,backup.exe,archive.zip,file,0,0,0,benign
SESSION-00627,2,backup.exe,backup_server,network,45168,0,0,benign
SESSION-00627,3,backup_server,cache.tmp,file,0,0,0,benign
SESSION-00628,1,outlook.exe,pdf_reader.exe,process,0,0,0,benign
SESSION-00628,2,pdf_reader.exe,document.pdf,file,0,0,0,benign
SESSION-00629,1,python.exe,analysis.csv,file,0,0,0,benign
SESSION-00629,2,python.exe,local_database,network,50244,0,0,benign
SESSION-00630,1,outlook.exe,powershell.exe,process,0,0,1,attack
SESSION-00630,2,powershell.exe,payload.tmp,file,0,0,1,attack
SESSION-00630,3,powershell.exe,rundll32.exe,process,0,0,0,attack
SESSION-00630,4,rundll32.exe,curl.exe,process,0,0,0,attack
SESSION-00630,5,curl.exe,external_host,network,285699,1,0,attack
SESSION-00631,1,outlook.exe,powershell.exe,process,0,0,1,attack
SESSION-00631,2,powershell.exe,payload.tmp,file,0,0,1,attack
SESSION-00631,3,powershell.exe,rundll32.exe,process,0,0,0,attack
SESSION-00631,4,rundll32.exe,credential_store,file,0,0,0,attack
SESSION-00631,5,rundll32.exe,curl.exe,process,0,0,0,attack
SESSION-00631,6,curl.exe,external_host,network,873043,1,0,attack
SESSION-00632,1,backup.exe,archive.zip,file,0,0,0,attack
SESSION-00632,2,backup.exe,backup_server,network,9151,0,0,attack
SESSION-00633,1,outlook.exe,powershell.exe,process,0,0,1,benign
SESSION-00633,2,powershell.exe,payload.tmp,file,0,0,1,benign
SESSION-00633,3,powershell.exe,rundll32.exe,process,0,0,0,benign
SESSION-00633,4,rundll32.exe,curl.exe,process,0,0,0,benign
SESSION-00633,5,curl.exe,external_host,network,118745,1,0,benign
SESSION-00634,1,outlook.exe,powershell.exe,process,0,0,1,attack
SESSION-00634,2,powershell.exe,payload.tmp,file,0,0,1,attack
SESSION-00634,3,powershell.exe,rundll32.exe,process,0,0,0,attack
SESSION-00634,4,rundll32.exe,credential_store,file,0,0,0,attack
SESSION-00634,5,rundll32.exe,curl.exe,process,0,0,0,attack
SESSION-00634,6,curl.exe,external_host,network,361461,1,0,attack
SESSION-00635,1,outlook.exe,powershell.exe,process,0,0,1,attack
SESSION-00635,2,powershell.exe,payload.tmp,file,0,0,1,attack
SESSION-00635,3,powershell.exe,rundll32.exe,process,0,0,0,attack
SESSION-00635,4,rundll32.exe,curl.exe,process,0,0,0,attack
SESSION-00635,5,curl.exe,external_host,network,699981,1,0,attack
SESSION-00636,1,outlook.exe,powershell.exe,process,0,0,1,attack
SESSION-00636,2,powershell.exe,payload.tmp,file,0,0,1,attack
SESSION-00636,3,powershell.exe,rundll32.exe,process,0,0,0,attack
SESSION-00636,4,rundll32.exe,curl.exe,process,0,0,0,attack
SESSION-00636,5,curl.exe,external_host,network,493239,1,0,attack
SESSION-00637,1,explorer.exe,browser.exe,process,0,0,0,benign
SESSION-00637,2,browser.exe,trusted_api,network,45580,1,0,benign
SESSION-00638,1,teams.exe,browser.exe,process,0,0,0,benign
SESSION-00638,2,browser.exe,company_portal,network,35184,0,0,benign
SESSION-00638,3,company_portal,cache.tmp,file,0,0,0,benign
SESSION-00639,1,python.exe,analysis.csv,file,0,0,0,benign
SESSION-00639,2,python.exe,local_database,network,35982,0,0,benign
SESSION-00640,1,teams.exe,browser.exe,process,0,0,0,benign
SESSION-00640,2,browser.exe,company_portal,network,59855,0,0,benign
SESSION-00640,3,company_portal,cache.tmp,file,0,0,0,benign
SESSION-00641,1,outlook.exe,powershell.exe,process,0,0,1,attack
SESSION-00641,2,powershell.exe,payload.tmp,file,0,0,1,attack
SESSION-00641,3,powershell.exe,rundll32.exe,process,0,0,0,attack
SESSION-00641,4,rundll32.exe,credential_store,file,0,0,0,attack
SESSION-00641,5,rundll32.exe,curl.exe,process,0,0,0,attack
SESSION-00641,6,curl.exe,external_host,network,479434,1,0,attack
SESSION-00642,1,explorer.exe,browser.exe,process,0,0,0,benign
SESSION-00642,2,browser.exe,trusted_api,network,14472,1,0,benign
SESSION-00643,1,outlook.exe,powershell.exe,process,0,0,1,attack
SESSION-00643,2,powershell.exe,payload.tmp,file,0,0,1,attack
SESSION-00643,3,powershell.exe,rundll32.exe,process,0,0,0,attack
SESSION-00643,4,rundll32.exe,credential_store,file,0,0,0,attack
SESSION-00643,5,rundll32.exe,curl.exe,process,0,0,0,attack
SESSION-00643,6,curl.exe,external_host,network,841570,1,0,attack
SESSION-00644,1,teams.exe,browser.exe,process,0,0,0,benign
SESSION-00644,2,browser.exe,company_portal,network,18512,0,0,benign
SESSION-00645,1,teams.exe,browser.exe,process,0,0,0,benign
SESSION-00645,2,browser.exe,company_portal,network,31506,0,0,benign
SESSION-00646,1,outlook.exe,pdf_reader.exe,process,0,0,0,benign
SESSION-00646,2,pdf_reader.exe,document.pdf,file,0,0,0,benign
SESSION-00647,1,outlook.exe,pdf_reader.exe,process,0,0,0,benign
SESSION-00647,2,pdf_reader.exe,document.pdf,file,0,0,0,benign
SESSION-00647,3,document.pdf,cache.tmp,file,0,0,0,benign
SESSION-00648,1,outlook.exe,powershell.exe,process,0,0,1,attack
SESSION-00648,2,powershell.exe,payload.tmp,file,0,0,1,attack
SESSION-00648,3,powershell.exe,rundll32.exe,process,0,0,0,attack
SESSION-00648,4,rundll32.exe,curl.exe,process,0,0,0,attack
SESSION-00648,5,curl.exe,external_host,network,898087,1,0,attack
SESSION-00649,1,outlook.exe,powershell.exe,process,0,0,1,benign
SESSION-00649,2,powershell.exe,payload.tmp,file,0,0,1,benign
SESSION-00649,3,powershell.exe,rundll32.exe,process,0,0,0,benign
SESSION-00649,4,rundll32.exe,curl.exe,process,0,0,0,benign
SESSION-00649,5,curl.exe,external_host,network,475281,1,0,benign
SESSION-00650,1,python.exe,analysis.csv,file,0,0,0,benign
SESSION-00650,2,python.exe,local_database,network,41150,0,0,benign
SESSION-00651,1,teams.exe,browser.exe,process,0,0,0,benign
SESSION-00651,2,browser.exe,company_portal,network,61641,0,0,benign
SESSION-00652,1,outlook.exe,powershell.exe,process,0,0,1,attack
SESSION-00652,2,powershell.exe,payload.tmp,file,0,0,1,attack
SESSION-00652,3,powershell.exe,rundll32.exe,process,0,0,0,attack
SESSION-00652,4,rundll32.exe,curl.exe,process,0,0,0,attack
SESSION-00652,5,curl.exe,external_host,network,520756,1,0,attack
SESSION-00653,1,outlook.exe,pdf_reader.exe,process,0,0,0,benign
SESSION-00653,2,pdf_reader.exe,document.pdf,file,0,0,0,benign
SESSION-00654,1,outlook.exe,powershell.exe,process,0,0,1,attack
SESSION-00654,2,powershell.exe,payload.tmp,file,0,0,1,attack
SESSION-00654,3,powershell.exe,rundll32.exe,process,0,0,0,attack
SESSION-00654,4,rundll32.exe,curl.exe,process,0,0,0,attack
SESSION-00654,5,curl.exe,external_host,network,154134,1,0,attack
SESSION-00655,1,outlook.exe,pdf_reader.exe,process,0,0,0,benign
SESSION-00655,2,pdf_reader.exe,document.pdf,file,0,0,0,benign
SESSION-00656,1,outlook.exe,pdf_reader.exe,process,0,0,0,benign
SESSION-00656,2,pdf_reader.exe,document.pdf,file,0,0,0,benign
SESSION-00657,1,outlook.exe,powershell.exe,process,0,0,1,benign
SESSION-00657,2,powershell.exe,payload.tmp,file,0,0,1,benign
SESSION-00657,3,powershell.exe,rundll32.exe,process,0,0,0,benign
SESSION-00657,4,rundll32.exe,credential_store,file,0,0,0,benign
SESSION-00657,5,rundll32.exe,curl.exe,process,0,0,0,benign
SESSION-00657,6,curl.exe,external_host,network,721872,1,0,benign
SESSION-00658,1,explorer.exe,browser.exe,process,0,0,0,benign
SESSION-00658,2,browser.exe,trusted_api,network,26047,1,0,benign
SESSION-00658,3,trusted_api,cache.tmp,file,0,0,0,benign
SESSION-00659,1,outlook.exe,powershell.exe,process,0,0,1,attack
SESSION-00659,2,powershell.exe,payload.tmp,file,0,0,1,attack
SESSION-00659,3,powershell.exe,rundll32.exe,process,0,0,0,attack
SESSION-00659,4,rundll32.exe,curl.exe,process,0,0,0,attack
SESSION-00659,5,curl.exe,external_host,network,494225,1,0,attack
SESSION-00660,1,backup.exe,archive.zip,file,0,0,0,benign
SESSION-00660,2,backup.exe,backup_server,network,52570,0,0,benign
SESSION-00660,3,backup_server,cache.tmp,file,0,0,0,benign
SESSION-00661,1,explorer.exe,browser.exe,process,0,0,0,benign
SESSION-00661,2,browser.exe,trusted_api,network,27334,1,0,benign
SESSION-00661,3,trusted_api,cache.tmp,file,0,0,0,benign
SESSION-00662,1,teams.exe,browser.exe,process,0,0,0,benign
SESSION-00662,2,browser.exe,company_portal,network,34894,0,0,benign
SESSION-00663,1,outlook.exe,powershell.exe,process,0,0,1,attack
SESSION-00663,2,powershell.exe,payload.tmp,file,0,0,1,attack
SESSION-00663,3,powershell.exe,rundll32.exe,process,0,0,0,attack
SESSION-00663,4,rundll32.exe,credential_store,file,0,0,0,attack
SESSION-00663,5,rundll32.exe,curl.exe,process,0,0,0,attack
SESSION-00663,6,curl.exe,external_host,network,636392,1,0,attack
SESSION-00664,1,python.exe,analysis.csv,file,0,0,0,benign
SESSION-00664,2,python.exe,local_database,network,33333,0,0,benign
SESSION-00664,3,local_database,cache.tmp,file,0,0,0,benign
SESSION-00665,1,outlook.exe,powershell.exe,process,0,0,1,attack
SESSION-00665,2,powershell.exe,payload.tmp,file,0,0,1,attack
SESSION-00665,3,powershell.exe,rundll32.exe,process,0,0,0,attack
SESSION-00665,4,rundll32.exe,curl.exe,process,0,0,0,attack
SESSION-00665,5,curl.exe,external_host,network,759903,1,0,attack
SESSION-00666,1,backup.exe,archive.zip,file,0,0,0,benign
SESSION-00666,2,backup.exe,backup_server,network,31143,0,0,benign
SESSION-00667,1,teams.exe,browser.exe,process,0,0,0,attack
SESSION-00667,2,browser.exe,company_portal,network,16662,0,0,attack
SESSION-00668,1,outlook.exe,powershell.exe,process,0,0,1,attack
SESSION-00668,2,powershell.exe,payload.tmp,file,0,0,1,attack
SESSION-00668,3,powershell.exe,rundll32.exe,process,0,0,0,attack
SESSION-00668,4,rundll32.exe,credential_store,file,0,0,0,attack
SESSION-00668,5,rundll32.exe,curl.exe,process,0,0,0,attack
SESSION-00668,6,curl.exe,external_host,network,830041,1,0,attack
SESSION-00669,1,outlook.exe,powershell.exe,process,0,0,1,attack
SESSION-00669,2,powershell.exe,payload.tmp,file,0,0,1,attack
SESSION-00669,3,powershell.exe,rundll32.exe,process,0,0,0,attack
SESSION-00669,4,rundll32.exe,credential_store,file,0,0,0,attack
SESSION-00669,5,rundll32.exe,curl.exe,process,0,0,0,attack
SESSION-00669,6,curl.exe,external_host,network,529863,1,0,attack
SESSION-00670,1,python.exe,analysis.csv,file,0,0,0,benign
SESSION-00670,2,python.exe,local_database,network,11512,0,0,benign
SESSION-00671,1,outlook.exe,pdf_reader.exe,process,0,0,0,benign
SESSION-00671,2,pdf_reader.exe,document.pdf,file,0,0,0,benign
SESSION-00672,1,teams.exe,browser.exe,process,0,0,0,benign
SESSION-00672,2,browser.exe,company_portal,network,35176,0,0,benign
SESSION-00673,1,explorer.exe,browser.exe,process,0,0,0,benign
SESSION-00673,2,browser.exe,trusted_api,network,11027,1,0,benign
SESSION-00673,3,trusted_api,cache.tmp,file,0,0,0,benign
SESSION-00674,1,outlook.exe,pdf_reader.exe,process,0,0,0,benign
SESSION-00674,2,pdf_reader.exe,document.pdf,file,0,0,0,benign
SESSION-00675,1,explorer.exe,browser.exe,process,0,0,0,benign
SESSION-00675,2,browser.exe,trusted_api,network,35235,1,0,benign
SESSION-00676,1,teams.exe,browser.exe,process,0,0,0,benign
SESSION-00676,2,browser.exe,company_portal,network,22138,0,0,benign
SESSION-00676,3,company_portal,cache.tmp,file,0,0,0,benign
SESSION-00677,1,explorer.exe,browser.exe,process,0,0,0,benign
SESSION-00677,2,browser.exe,trusted_api,network,42555,1,0,benign
SESSION-00678,1,outlook.exe,powershell.exe,process,0,0,1,attack
SESSION-00678,2,powershell.exe,payload.tmp,file,0,0,1,attack
SESSION-00678,3,powershell.exe,rundll32.exe,process,0,0,0,attack
SESSION-00678,4,rundll32.exe,credential_store,file,0,0,0,attack
SESSION-00678,5,rundll32.exe,curl.exe,process,0,0,0,attack
SESSION-00678,6,curl.exe,external_host,network,893820,1,0,attack
SESSION-00679,1,outlook.exe,powershell.exe,process,0,0,1,benign
SESSION-00679,2,powershell.exe,payload.tmp,file,0,0,1,benign
SESSION-00679,3,powershell.exe,rundll32.exe,process,0,0,0,benign
SESSION-00679,4,rundll32.exe,curl.exe,process,0,0,0,benign
SESSION-00679,5,curl.exe,external_host,network,100532,1,0,benign
SESSION-00680,1,outlook.exe,pdf_reader.exe,process,0,0,0,benign
SESSION-00680,2,pdf_reader.exe,document.pdf,file,0,0,0,benign
SESSION-00681,1,outlook.exe,powershell.exe,process,0,0,1,benign
SESSION-00681,2,powershell.exe,payload.tmp,file,0,0,1,benign
SESSION-00681,3,powershell.exe,rundll32.exe,process,0,0,0,benign
SESSION-00681,4,rundll32.exe,credential_store,file,0,0,0,benign
SESSION-00681,5,rundll32.exe,curl.exe,process,0,0,0,benign
SESSION-00681,6,curl.exe,external_host,network,503591,1,0,benign
SESSION-00682,1,outlook.exe,pdf_reader.exe,process,0,0,0,benign
SESSION-00682,2,pdf_reader.exe,document.pdf,file,0,0,0,benign
SESSION-00683,1,explorer.exe,browser.exe,process,0,0,0,benign
SESSION-00683,2,browser.exe,trusted_api,network,25319,1,0,benign
SESSION-00684,1,python.exe,analysis.csv,file,0,0,0,benign
SESSION-00684,2,python.exe,local_database,network,60532,0,0,benign
SESSION-00685,1,outlook.exe,powershell.exe,process,0,0,1,attack
SESSION-00685,2,powershell.exe,payload.tmp,file,0,0,1,attack
SESSION-00685,3,powershell.exe,rundll32.exe,process,0,0,0,attack
SESSION-00685,4,rundll32.exe,credential_store,file,0,0,0,attack
SESSION-00685,5,rundll32.exe,curl.exe,process,0,0,0,attack
SESSION-00685,6,curl.exe,external_host,network,180277,1,0,attack
SESSION-00686,1,teams.exe,browser.exe,process,0,0,0,attack
SESSION-00686,2,browser.exe,company_portal,network,30051,0,0,attack
SESSION-00686,3,company_portal,cache.tmp,file,0,0,0,attack
SESSION-00687,1,outlook.exe,powershell.exe,process,0,0,1,attack
SESSION-00687,2,powershell.exe,payload.tmp,file,0,0,1,attack
SESSION-00687,3,powershell.exe,rundll32.exe,process,0,0,0,attack
SESSION-00687,4,rundll32.exe,curl.exe,process,0,0,0,attack
SESSION-00687,5,curl.exe,external_host,network,151476,1,0,attack
SESSION-00688,1,python.exe,analysis.csv,file,0,0,0,benign
SESSION-00688,2,python.exe,local_database,network,56373,0,0,benign
SESSION-00688,3,local_database,cache.tmp,file,0,0,0,benign
SESSION-00689,1,explorer.exe,browser.exe,process,0,0,0,benign
SESSION-00689,2,browser.exe,trusted_api,network,25324,1,0,benign
SESSION-00690,1,python.exe,analysis.csv,file,0,0,0,benign
SESSION-00690,2,python.exe,local_database,network,54699,0,0,benign
SESSION-00691,1,outlook.exe,powershell.exe,process,0,0,1,benign
SESSION-00691,2,powershell.exe,payload.tmp,file,0,0,1,benign
SESSION-00691,3,powershell.exe,rundll32.exe,process,0,0,0,benign
SESSION-00691,4,rundll32.exe,credential_store,file,0,0,0,benign
SESSION-00691,5,rundll32.exe,curl.exe,process,0,0,0,benign
SESSION-00691,6,curl.exe,external_host,network,627265,1,0,benign
SESSION-00692,1,teams.exe,browser.exe,process,0,0,0,benign
SESSION-00692,2,browser.exe,company_portal,network,43961,0,0,benign
SESSION-00693,1,python.exe,analysis.csv,file,0,0,0,benign
SESSION-00693,2,python.exe,local_database,network,33048,0,0,benign
SESSION-00694,1,outlook.exe,powershell.exe,process,0,0,1,attack
SESSION-00694,2,powershell.exe,payload.tmp,file,0,0,1,attack
SESSION-00694,3,powershell.exe,rundll32.exe,process,0,0,0,attack
SESSION-00694,4,rundll32.exe,curl.exe,process,0,0,0,attack
SESSION-00694,5,curl.exe,external_host,network,325799,1,0,attack
SESSION-00695,1,explorer.exe,browser.exe,process,0,0,0,benign
SESSION-00695,2,browser.exe,trusted_api,network,24113,1,0,benign
SESSION-00696,1,outlook.exe,powershell.exe,process,0,0,1,attack
SESSION-00696,2,powershell.exe,payload.tmp,file,0,0,1,attack
SESSION-00696,3,powershell.exe,rundll32.exe,process,0,0,0,attack
SESSION-00696,4,rundll32.exe,curl.exe,process,0,0,0,attack
SESSION-00696,5,curl.exe,external_host,network,799531,1,0,attack
SESSION-00697,1,outlook.exe,pdf_reader.exe,process,0,0,0,benign
SESSION-00697,2,pdf_reader.exe,document.pdf,file,0,0,0,benign
SESSION-00697,3,document.pdf,cache.tmp,file,0,0,0,benign
SESSION-00698,1,outlook.exe,pdf_reader.exe,process,0,0,0,attack
SESSION-00698,2,pdf_reader.exe,document.pdf,file,0,0,0,attack
SESSION-00699,1,teams.exe,browser.exe,process,0,0,0,benign
SESSION-00699,2,browser.exe,company_portal,network,34821,0,0,benign
SESSION-00700,1,outlook.exe,pdf_reader.exe,process,0,0,0,benign
SESSION-00700,2,pdf_reader.exe,document.pdf,file,0,0,0,benign
SESSION-00700,3,document.pdf,cache.tmp,file,0,0,0,benign
SESSION-00701,1,backup.exe,archive.zip,file,0,0,0,benign
SESSION-00701,2,backup.exe,backup_server,network,64493,0,0,benign
SESSION-00702,1,outlook.exe,powershell.exe,process,0,0,1,attack
SESSION-00702,2,powershell.exe,payload.tmp,file,0,0,1,attack
SESSION-00702,3,powershell.exe,rundll32.exe,process,0,0,0,attack
SESSION-00702,4,rundll32.exe,curl.exe,process,0,0,0,attack
SESSION-00702,5,curl.exe,external_host,network,551392,1,0,attack
SESSION-00703,1,explorer.exe,browser.exe,process,0,0,0,benign
SESSION-00703,2,browser.exe,trusted_api,network,55319,1,0,benign
SESSION-00704,1,outlook.exe,pdf_reader.exe,process,0,0,0,benign
SESSION-00704,2,pdf_reader.exe,document.pdf,file,0,0,0,benign
SESSION-00705,1,teams.exe,browser.exe,process,0,0,0,benign
SESSION-00705,2,browser.exe,company_portal,network,27774,0,0,benign
SESSION-00705,3,company_portal,cache.tmp,file,0,0,0,benign
SESSION-00706,1,outlook.exe,powershell.exe,process,0,0,1,attack
SESSION-00706,2,powershell.exe,payload.tmp,file,0,0,1,attack
SESSION-00706,3,powershell.exe,rundll32.exe,process,0,0,0,attack
SESSION-00706,4,rundll32.exe,credential_store,file,0,0,0,attack
SESSION-00706,5,rundll32.exe,curl.exe,process,0,0,0,attack
SESSION-00706,6,curl.exe,external_host,network,543682,1,0,attack
SESSION-00707,1,explorer.exe,browser.exe,process,0,0,0,benign
SESSION-00707,2,browser.exe,trusted_api,network,32971,1,0,benign
SESSION-00708,1,teams.exe,browser.exe,process,0,0,0,benign
SESSION-00708,2,browser.exe,company_portal,network,38213,0,0,benign
SESSION-00709,1,outlook.exe,pdf_reader.exe,process,0,0,0,benign
SESSION-00709,2,pdf_reader.exe,document.pdf,file,0,0,0,benign
SESSION-00710,1,outlook.exe,pdf_reader.exe,process,0,0,0,benign
SESSION-00710,2,pdf_reader.exe,document.pdf,file,0,0,0,benign
SESSION-00711,1,explorer.exe,browser.exe,process,0,0,0,benign
SESSION-00711,2,browser.exe,trusted_api,network,23506,1,0,benign
SESSION-00712,1,explorer.exe,browser.exe,process,0,0,0,benign
SESSION-00712,2,browser.exe,trusted_api,network,38708,1,0,benign
SESSION-00712,3,trusted_api,cache.tmp,file,0,0,0,benign
SESSION-00713,1,teams.exe,browser.exe,process,0,0,0,benign
SESSION-00713,2,browser.exe,company_portal,network,44298,0,0,benign
SESSION-00713,3,company_portal,cache.tmp,file,0,0,0,benign
SESSION-00714,1,outlook.exe,pdf_reader.exe,process,0,0,0,benign
SESSION-00714,2,pdf_reader.exe,document.pdf,file,0,0,0,benign
SESSION-00715,1,outlook.exe,pdf_reader.exe,process,0,0,0,benign
SESSION-00715,2,pdf_reader.exe,document.pdf,file,0,0,0,benign
SESSION-00715,3,document.pdf,cache.tmp,file,0,0,0,benign
SESSION-00716,1,outlook.exe,powershell.exe,process,0,0,1,benign
SESSION-00716,2,powershell.exe,payload.tmp,file,0,0,1,benign
SESSION-00716,3,powershell.exe,rundll32.exe,process,0,0,0,benign
SESSION-00716,4,rundll32.exe,curl.exe,process,0,0,0,benign
SESSION-00716,5,curl.exe,external_host,network,853852,1,0,benign
SESSION-00717,1,outlook.exe,pdf_reader.exe,process,0,0,0,benign
SESSION-00717,2,pdf_reader.exe,document.pdf,file,0,0,0,benign
SESSION-00718,1,explorer.exe,browser.exe,process,0,0,0,benign
SESSION-00718,2,browser.exe,trusted_api,network,31509,1,0,benign
SESSION-00719,1,outlook.exe,powershell.exe,process,0,0,1,attack
SESSION-00719,2,powershell.exe,payload.tmp,file,0,0,1,attack
SESSION-00719,3,powershell.exe,rundll32.exe,process,0,0,0,attack
SESSION-00719,4,rundll32.exe,curl.exe,process,0,0,0,attack
SESSION-00719,5,curl.exe,external_host,network,537907,1,0,attack
SESSION-00720,1,outlook.exe,powershell.exe,process,0,0,1,attack
SESSION-00720,2,powershell.exe,payload.tmp,file,0,0,1,attack
SESSION-00720,3,powershell.exe,rundll32.exe,process,0,0,0,attack
SESSION-00720,4,rundll32.exe,credential_store,file,0,0,0,attack
SESSION-00720,5,rundll32.exe,curl.exe,process,0,0,0,attack
SESSION-00720,6,curl.exe,external_host,network,607099,1,0,attack
SESSION-00721,1,outlook.exe,pdf_reader.exe,process,0,0,0,benign
SESSION-00721,2,pdf_reader.exe,document.pdf,file,0,0,0,benign
SESSION-00722,1,outlook.exe,powershell.exe,process,0,0,1,attack
SESSION-00722,2,powershell.exe,payload.tmp,file,0,0,1,attack
SESSION-00722,3,powershell.exe,rundll32.exe,process,0,0,0,attack
SESSION-00722,4,rundll32.exe,curl.exe,process,0,0,0,attack
SESSION-00722,5,curl.exe,external_host,network,492606,1,0,attack
SESSION-00723,1,teams.exe,browser.exe,process,0,0,0,benign
SESSION-00723,2,browser.exe,company_portal,network,27851,0,0,benign
SESSION-00723,3,company_portal,cache.tmp,file,0,0,0,benign
SESSION-00724,1,outlook.exe,pdf_reader.exe,process,0,0,0,benign
SESSION-00724,2,pdf_reader.exe,document.pdf,file,0,0,0,benign
SESSION-00725,1,outlook.exe,powershell.exe,process,0,0,1,benign
SESSION-00725,2,powershell.exe,payload.tmp,file,0,0,1,benign
SESSION-00725,3,powershell.exe,rundll32.exe,process,0,0,0,benign
SESSION-00725,4,rundll32.exe,credential_store,file,0,0,0,benign
SESSION-00725,5,rundll32.exe,curl.exe,process,0,0,0,benign
SESSION-00725,6,curl.exe,external_host,network,192063,1,0,benign
SESSION-00726,1,python.exe,analysis.csv,file,0,0,0,benign
SESSION-00726,2,python.exe,local_database,network,19138,0,0,benign
SESSION-00727,1,outlook.exe,powershell.exe,process,0,0,1,attack
SESSION-00727,2,powershell.exe,payload.tmp,file,0,0,1,attack
SESSION-00727,3,powershell.exe,rundll32.exe,process,0,0,0,attack
SESSION-00727,4,rundll32.exe,curl.exe,process,0,0,0,attack
SESSION-00727,5,curl.exe,external_host,network,290653,1,0,attack
SESSION-00728,1,outlook.exe,powershell.exe,process,0,0,1,attack
SESSION-00728,2,powershell.exe,payload.tmp,file,0,0,1,attack
SESSION-00728,3,powershell.exe,rundll32.exe,process,0,0,0,attack
SESSION-00728,4,rundll32.exe,credential_store,file,0,0,0,attack
SESSION-00728,5,rundll32.exe,curl.exe,process,0,0,0,attack
SESSION-00728,6,curl.exe,external_host,network,659490,1,0,attack
SESSION-00729,1,python.exe,analysis.csv,file,0,0,0,benign
SESSION-00729,2,python.exe,local_database,network,51313,0,0,benign
SESSION-00729,3,local_database,cache.tmp,file,0,0,0,benign
SESSION-00730,1,outlook.exe,powershell.exe,process,0,0,1,attack
SESSION-00730,2,powershell.exe,payload.tmp,file,0,0,1,attack
SESSION-00730,3,powershell.exe,rundll32.exe,process,0,0,0,attack
SESSION-00730,4,rundll32.exe,credential_store,file,0,0,0,attack
SESSION-00730,5,rundll32.exe,curl.exe,process,0,0,0,attack
SESSION-00730,6,curl.exe,external_host,network,891827,1,0,attack
SESSION-00731,1,explorer.exe,browser.exe,process,0,0,0,benign
SESSION-00731,2,browser.exe,trusted_api,network,8826,1,0,benign
SESSION-00732,1,explorer.exe,browser.exe,process,0,0,0,benign
SESSION-00732,2,browser.exe,trusted_api,network,34046,1,0,benign
SESSION-00733,1,teams.exe,browser.exe,process,0,0,0,benign
SESSION-00733,2,browser.exe,company_portal,network,49319,0,0,benign
SESSION-00733,3,company_portal,cache.tmp,file,0,0,0,benign
SESSION-00734,1,backup.exe,archive.zip,file,0,0,0,benign
SESSION-00734,2,backup.exe,backup_server,network,39252,0,0,benign
SESSION-00735,1,backup.exe,archive.zip,file,0,0,0,benign
SESSION-00735,2,backup.exe,backup_server,network,53433,0,0,benign
SESSION-00735,3,backup_server,cache.tmp,file,0,0,0,benign
SESSION-00736,1,backup.exe,archive.zip,file,0,0,0,benign
SESSION-00736,2,backup.exe,backup_server,network,11713,0,0,benign
SESSION-00737,1,explorer.exe,browser.exe,process,0,0,0,benign
SESSION-00737,2,browser.exe,trusted_api,network,36947,1,0,benign
SESSION-00737,3,trusted_api,cache.tmp,file,0,0,0,benign
SESSION-00738,1,python.exe,analysis.csv,file,0,0,0,attack
SESSION-00738,2,python.exe,local_database,network,51595,0,0,attack
SESSION-00739,1,explorer.exe,browser.exe,process,0,0,0,benign
SESSION-00739,2,browser.exe,trusted_api,network,49992,1,0,benign
SESSION-00740,1,teams.exe,browser.exe,process,0,0,0,benign
SESSION-00740,2,browser.exe,company_portal,network,30594,0,0,benign
SESSION-00741,1,outlook.exe,powershell.exe,process,0,0,1,attack
SESSION-00741,2,powershell.exe,payload.tmp,file,0,0,1,attack
SESSION-00741,3,powershell.exe,rundll32.exe,process,0,0,0,attack
SESSION-00741,4,rundll32.exe,curl.exe,process,0,0,0,attack
SESSION-00741,5,curl.exe,external_host,network,396039,1,0,attack
SESSION-00742,1,python.exe,analysis.csv,file,0,0,0,benign
SESSION-00742,2,python.exe,local_database,network,41486,0,0,benign
SESSION-00743,1,outlook.exe,pdf_reader.exe,process,0,0,0,benign
SESSION-00743,2,pdf_reader.exe,document.pdf,file,0,0,0,benign
SESSION-00744,1,outlook.exe,powershell.exe,process,0,0,1,attack
SESSION-00744,2,powershell.exe,payload.tmp,file,0,0,1,attack
SESSION-00744,3,powershell.exe,rundll32.exe,process,0,0,0,attack
SESSION-00744,4,rundll32.exe,credential_store,file,0,0,0,attack
SESSION-00744,5,rundll32.exe,curl.exe,process,0,0,0,attack
SESSION-00744,6,curl.exe,external_host,network,898547,1,0,attack
SESSION-00745,1,outlook.exe,powershell.exe,process,0,0,1,attack
SESSION-00745,2,powershell.exe,payload.tmp,file,0,0,1,attack
SESSION-00745,3,powershell.exe,rundll32.exe,process,0,0,0,attack
SESSION-00745,4,rundll32.exe,credential_store,file,0,0,0,attack
SESSION-00745,5,rundll32.exe,curl.exe,process,0,0,0,attack
SESSION-00745,6,curl.exe,external_host,network,548590,1,0,attack
SESSION-00746,1,teams.exe,browser.exe,process,0,0,0,attack
SESSION-00746,2,browser.exe,company_portal,network,14665,0,0,attack
SESSION-00747,1,backup.exe,archive.zip,file,0,0,0,attack
SESSION-00747,2,backup.exe,backup_server,network,31998,0,0,attack
SESSION-00747,3,backup_server,cache.tmp,file,0,0,0,attack
SESSION-00748,1,python.exe,analysis.csv,file,0,0,0,benign
SESSION-00748,2,python.exe,local_database,network,8835,0,0,benign
SESSION-00748,3,local_database,cache.tmp,file,0,0,0,benign
SESSION-00749,1,outlook.exe,powershell.exe,process,0,0,1,benign
SESSION-00749,2,powershell.exe,payload.tmp,file,0,0,1,benign
SESSION-00749,3,powershell.exe,rundll32.exe,process,0,0,0,benign
SESSION-00749,4,rundll32.exe,curl.exe,process,0,0,0,benign
SESSION-00749,5,curl.exe,external_host,network,837116,1,0,benign
SESSION-00750,1,explorer.exe,browser.exe,process,0,0,0,benign
SESSION-00750,2,browser.exe,trusted_api,network,31308,1,0,benign
SESSION-00750,3,trusted_api,cache.tmp,file,0,0,0,benign
SESSION-00751,1,explorer.exe,browser.exe,process,0,0,0,benign
SESSION-00751,2,browser.exe,trusted_api,network,15983,1,0,benign
SESSION-00752,1,teams.exe,browser.exe,process,0,0,0,benign
SESSION-00752,2,browser.exe,company_portal,network,45082,0,0,benign
SESSION-00753,1,python.exe,analysis.csv,file,0,0,0,benign
SESSION-00753,2,python.exe,local_database,network,25417,0,0,benign
SESSION-00753,3,local_database,cache.tmp,file,0,0,0,benign
SESSION-00754,1,python.exe,analysis.csv,file,0,0,0,benign
SESSION-00754,2,python.exe,local_database,network,29609,0,0,benign
SESSION-00754,3,local_database,cache.tmp,file,0,0,0,benign
SESSION-00755,1,outlook.exe,powershell.exe,process,0,0,1,attack
SESSION-00755,2,powershell.exe,payload.tmp,file,0,0,1,attack
SESSION-00755,3,powershell.exe,rundll32.exe,process,0,0,0,attack
SESSION-00755,4,rundll32.exe,credential_store,file,0,0,0,attack
SESSION-00755,5,rundll32.exe,curl.exe,process,0,0,0,attack
SESSION-00755,6,curl.exe,external_host,network,806502,1,0,attack
SESSION-00756,1,outlook.exe,pdf_reader.exe,process,0,0,0,benign
SESSION-00756,2,pdf_reader.exe,document.pdf,file,0,0,0,benign
SESSION-00757,1,python.exe,analysis.csv,file,0,0,0,benign
SESSION-00757,2,python.exe,local_database,network,22212,0,0,benign
SESSION-00758,1,backup.exe,archive.zip,file,0,0,0,benign
SESSION-00758,2,backup.exe,backup_server,network,29195,0,0,benign
SESSION-00759,1,teams.exe,browser.exe,process,0,0,0,benign
SESSION-00759,2,browser.exe,company_portal,network,35092,0,0,benign
SESSION-00759,3,company_portal,cache.tmp,file,0,0,0,benign
SESSION-00760,1,outlook.exe,powershell.exe,process,0,0,1,attack
SESSION-00760,2,powershell.exe,payload.tmp,file,0,0,1,attack
SESSION-00760,3,powershell.exe,rundll32.exe,process,0,0,0,attack
SESSION-00760,4,rundll32.exe,credential_store,file,0,0,0,attack
SESSION-00760,5,rundll32.exe,curl.exe,process,0,0,0,attack
SESSION-00760,6,curl.exe,external_host,network,764627,1,0,attack
SESSION-00761,1,explorer.exe,browser.exe,process,0,0,0,benign
SESSION-00761,2,browser.exe,trusted_api,network,16141,1,0,benign
SESSION-00762,1,outlook.exe,powershell.exe,process,0,0,1,benign
SESSION-00762,2,powershell.exe,payload.tmp,file,0,0,1,benign
SESSION-00762,3,powershell.exe,rundll32.exe,process,0,0,0,benign
SESSION-00762,4,rundll32.exe,credential_store,file,0,0,0,benign
SESSION-00762,5,rundll32.exe,curl.exe,process,0,0,0,benign
SESSION-00762,6,curl.exe,external_host,network,109702,1,0,benign
SESSION-00763,1,outlook.exe,powershell.exe,process,0,0,1,attack
SESSION-00763,2,powershell.exe,payload.tmp,file,0,0,1,attack
SESSION-00763,3,powershell.exe,rundll32.exe,process,0,0,0,attack
SESSION-00763,4,rundll32.exe,credential_store,file,0,0,0,attack
SESSION-00763,5,rundll32.exe,curl.exe,process,0,0,0,attack
SESSION-00763,6,curl.exe,external_host,network,177909,1,0,attack
SESSION-00764,1,outlook.exe,powershell.exe,process,0,0,1,benign
SESSION-00764,2,powershell.exe,payload.tmp,file,0,0,1,benign
SESSION-00764,3,powershell.exe,rundll32.exe,process,0,0,0,benign
SESSION-00764,4,rundll32.exe,credential_store,file,0,0,0,benign
SESSION-00764,5,rundll32.exe,curl.exe,process,0,0,0,benign
SESSION-00764,6,curl.exe,external_host,network,305147,1,0,benign
SESSION-00765,1,outlook.exe,powershell.exe,process,0,0,1,attack
SESSION-00765,2,powershell.exe,payload.tmp,file,0,0,1,attack
SESSION-00765,3,powershell.exe,rundll32.exe,process,0,0,0,attack
SESSION-00765,4,rundll32.exe,curl.exe,process,0,0,0,attack
SESSION-00765,5,curl.exe,external_host,network,333291,1,0,attack
SESSION-00766,1,outlook.exe,pdf_reader.exe,process,0,0,0,attack
SESSION-00766,2,pdf_reader.exe,document.pdf,file,0,0,0,attack
SESSION-00767,1,explorer.exe,browser.exe,process,0,0,0,attack
SESSION-00767,2,browser.exe,trusted_api,network,11232,1,0,attack
SESSION-00768,1,python.exe,analysis.csv,file,0,0,0,benign
SESSION-00768,2,python.exe,local_database,network,64161,0,0,benign
SESSION-00768,3,local_database,cache.tmp,file,0,0,0,benign
SESSION-00769,1,backup.exe,archive.zip,file,0,0,0,benign
SESSION-00769,2,backup.exe,backup_server,network,41253,0,0,benign
SESSION-00770,1,outlook.exe,pdf_reader.exe,process,0,0,0,benign
SESSION-00770,2,pdf_reader.exe,document.pdf,file,0,0,0,benign
SESSION-00771,1,explorer.exe,browser.exe,process,0,0,0,benign
SESSION-00771,2,browser.exe,trusted_api,network,20855,1,0,benign
SESSION-00771,3,trusted_api,cache.tmp,file,0,0,0,benign
SESSION-00772,1,backup.exe,archive.zip,file,0,0,0,benign
SESSION-00772,2,backup.exe,backup_server,network,40595,0,0,benign
SESSION-00772,3,backup_server,cache.tmp,file,0,0,0,benign
SESSION-00773,1,teams.exe,browser.exe,process,0,0,0,benign
SESSION-00773,2,browser.exe,company_portal,network,9443,0,0,benign
SESSION-00773,3,company_portal,cache.tmp,file,0,0,0,benign
SESSION-00774,1,outlook.exe,powershell.exe,process,0,0,1,attack
SESSION-00774,2,powershell.exe,payload.tmp,file,0,0,1,attack
SESSION-00774,3,powershell.exe,rundll32.exe,process,0,0,0,attack
SESSION-00774,4,rundll32.exe,credential_store,file,0,0,0,attack
SESSION-00774,5,rundll32.exe,curl.exe,process,0,0,0,attack
SESSION-00774,6,curl.exe,external_host,network,454122,1,0,attack
SESSION-00775,1,python.exe,analysis.csv,file,0,0,0,benign
SESSION-00775,2,python.exe,local_database,network,2471,0,0,benign
SESSION-00775,3,local_database,cache.tmp,file,0,0,0,benign
SESSION-00776,1,outlook.exe,powershell.exe,process,0,0,1,benign
SESSION-00776,2,powershell.exe,payload.tmp,file,0,0,1,benign
SESSION-00776,3,powershell.exe,rundll32.exe,process,0,0,0,benign
SESSION-00776,4,rundll32.exe,curl.exe,process,0,0,0,benign
SESSION-00776,5,curl.exe,external_host,network,218811,1,0,benign
SESSION-00777,1,python.exe,analysis.csv,file,0,0,0,benign
SESSION-00777,2,python.exe,local_database,network,23571,0,0,benign
SESSION-00778,1,outlook.exe,powershell.exe,process,0,0,1,attack
SESSION-00778,2,powershell.exe,payload.tmp,file,0,0,1,attack
SESSION-00778,3,powershell.exe,rundll32.exe,process,0,0,0,attack
SESSION-00778,4,rundll32.exe,curl.exe,process,0,0,0,attack
SESSION-00778,5,curl.exe,external_host,network,651771,1,0,attack
SESSION-00779,1,teams.exe,browser.exe,process,0,0,0,benign
SESSION-00779,2,browser.exe,company_portal,network,22259,0,0,benign
SESSION-00779,3,company_portal,cache.tmp,file,0,0,0,benign
SESSION-00780,1,explorer.exe,browser.exe,process,0,0,0,attack
SESSION-00780,2,browser.exe,trusted_api,network,64157,1,0,attack
SESSION-00780,3,trusted_api,cache.tmp,file,0,0,0,attack
SESSION-00781,1,teams.exe,browser.exe,process,0,0,0,benign
SESSION-00781,2,browser.exe,company_portal,network,19866,0,0,benign
SESSION-00782,1,explorer.exe,browser.exe,process,0,0,0,benign
SESSION-00782,2,browser.exe,trusted_api,network,62334,1,0,benign
SESSION-00783,1,outlook.exe,powershell.exe,process,0,0,1,attack
SESSION-00783,2,powershell.exe,payload.tmp,file,0,0,1,attack
SESSION-00783,3,powershell.exe,rundll32.exe,process,0,0,0,attack
SESSION-00783,4,rundll32.exe,curl.exe,process,0,0,0,attack
SESSION-00783,5,curl.exe,external_host,network,234064,1,0,attack
SESSION-00784,1,explorer.exe,browser.exe,process,0,0,0,benign
SESSION-00784,2,browser.exe,trusted_api,network,45375,1,0,benign
SESSION-00784,3,trusted_api,cache.tmp,file,0,0,0,benign
SESSION-00785,1,outlook.exe,powershell.exe,process,0,0,1,attack
SESSION-00785,2,powershell.exe,payload.tmp,file,0,0,1,attack
SESSION-00785,3,powershell.exe,rundll32.exe,process,0,0,0,attack
SESSION-00785,4,rundll32.exe,curl.exe,process,0,0,0,attack
SESSION-00785,5,curl.exe,external_host,network,208760,1,0,attack
SESSION-00786,1,teams.exe,browser.exe,process,0,0,0,benign
SESSION-00786,2,browser.exe,company_portal,network,39307,0,0,benign
SESSION-00786,3,company_portal,cache.tmp,file,0,0,0,benign
SESSION-00787,1,backup.exe,archive.zip,file,0,0,0,benign
SESSION-00787,2,backup.exe,backup_server,network,19858,0,0,benign
SESSION-00788,1,outlook.exe,powershell.exe,process,0,0,1,attack
SESSION-00788,2,powershell.exe,payload.tmp,file,0,0,1,attack
SESSION-00788,3,powershell.exe,rundll32.exe,process,0,0,0,attack
SESSION-00788,4,rundll32.exe,credential_store,file,0,0,0,attack
SESSION-00788,5,rundll32.exe,curl.exe,process,0,0,0,attack
SESSION-00788,6,curl.exe,external_host,network,243847,1,0,attack
SESSION-00789,1,teams.exe,browser.exe,process,0,0,0,benign
SESSION-00789,2,browser.exe,company_portal,network,27228,0,0,benign
SESSION-00790,1,backup.exe,archive.zip,file,0,0,0,benign
SESSION-00790,2,backup.exe,backup_server,network,40555,0,0,benign
SESSION-00791,1,backup.exe,archive.zip,file,0,0,0,attack
SESSION-00791,2,backup.exe,backup_server,network,47240,0,0,attack
SESSION-00791,3,backup_server,cache.tmp,file,0,0,0,attack
SESSION-00792,1,teams.exe,browser.exe,process,0,0,0,attack
SESSION-00792,2,browser.exe,company_portal,network,62700,0,0,attack
SESSION-00792,3,company_portal,cache.tmp,file,0,0,0,attack
SESSION-00793,1,python.exe,analysis.csv,file,0,0,0,benign
SESSION-00793,2,python.exe,local_database,network,60467,0,0,benign
SESSION-00793,3,local_database,cache.tmp,file,0,0,0,benign
SESSION-00794,1,backup.exe,archive.zip,file,0,0,0,benign
SESSION-00794,2,backup.exe,backup_server,network,5133,0,0,benign
SESSION-00795,1,outlook.exe,powershell.exe,process,0,0,1,attack
SESSION-00795,2,powershell.exe,payload.tmp,file,0,0,1,attack
SESSION-00795,3,powershell.exe,rundll32.exe,process,0,0,0,attack
SESSION-00795,4,rundll32.exe,credential_store,file,0,0,0,attack
SESSION-00795,5,rundll32.exe,curl.exe,process,0,0,0,attack
SESSION-00795,6,curl.exe,external_host,network,467767,1,0,attack
SESSION-00796,1,python.exe,analysis.csv,file,0,0,0,benign
SESSION-00796,2,python.exe,local_database,network,17425,0,0,benign
SESSION-00797,1,outlook.exe,powershell.exe,process,0,0,1,attack
SESSION-00797,2,powershell.exe,payload.tmp,file,0,0,1,attack
SESSION-00797,3,powershell.exe,rundll32.exe,process,0,0,0,attack
SESSION-00797,4,rundll32.exe,credential_store,file,0,0,0,attack
SESSION-00797,5,rundll32.exe,curl.exe,process,0,0,0,attack
SESSION-00797,6,curl.exe,external_host,network,618768,1,0,attack
SESSION-00798,1,outlook.exe,powershell.exe,process,0,0,1,attack
SESSION-00798,2,powershell.exe,payload.tmp,file,0,0,1,attack
SESSION-00798,3,powershell.exe,rundll32.exe,process,0,0,0,attack
SESSION-00798,4,rundll32.exe,credential_store,file,0,0,0,attack
SESSION-00798,5,rundll32.exe,curl.exe,process,0,0,0,attack
SESSION-00798,6,curl.exe,external_host,network,563787,1,0,attack
SESSION-00799,1,python.exe,analysis.csv,file,0,0,0,benign
SESSION-00799,2,python.exe,local_database,network,45985,0,0,benign
SESSION-00799,3,local_database,cache.tmp,file,0,0,0,benign
SESSION-00800,1,outlook.exe,pdf_reader.exe,process,0,0,0,benign
SESSION-00800,2,pdf_reader.exe,document.pdf,file,0,0,0,benign
SESSION-00800,3,document.pdf,cache.tmp,file,0,0,0,benign
SESSION-00801,1,outlook.exe,powershell.exe,process,0,0,1,attack
SESSION-00801,2,powershell.exe,payload.tmp,file,0,0,1,attack
SESSION-00801,3,powershell.exe,rundll32.exe,process,0,0,0,attack
SESSION-00801,4,rundll32.exe,curl.exe,process,0,0,0,attack
SESSION-00801,5,curl.exe,external_host,network,155079,1,0,attack
SESSION-00802,1,explorer.exe,browser.exe,process,0,0,0,benign
SESSION-00802,2,browser.exe,trusted_api,network,21791,1,0,benign
SESSION-00802,3,trusted_api,cache.tmp,file,0,0,0,benign
SESSION-00803,1,outlook.exe,powershell.exe,process,0,0,1,attack
SESSION-00803,2,powershell.exe,payload.tmp,file,0,0,1,attack
SESSION-00803,3,powershell.exe,rundll32.exe,process,0,0,0,attack
SESSION-00803,4,rundll32.exe,credential_store,file,0,0,0,attack
SESSION-00803,5,rundll32.exe,curl.exe,process,0,0,0,attack
SESSION-00803,6,curl.exe,external_host,network,83745,1,0,attack
SESSION-00804,1,teams.exe,browser.exe,process,0,0,0,benign
SESSION-00804,2,browser.exe,company_portal,network,25467,0,0,benign
SESSION-00804,3,company_portal,cache.tmp,file,0,0,0,benign
SESSION-00805,1,outlook.exe,pdf_reader.exe,process,0,0,0,benign
SESSION-00805,2,pdf_reader.exe,document.pdf,file,0,0,0,benign
SESSION-00806,1,outlook.exe,powershell.exe,process,0,0,1,attack
SESSION-00806,2,powershell.exe,payload.tmp,file,0,0,1,attack
SESSION-00806,3,powershell.exe,rundll32.exe,process,0,0,0,attack
SESSION-00806,4,rundll32.exe,credential_store,file,0,0,0,attack
SESSION-00806,5,rundll32.exe,curl.exe,process,0,0,0,attack
SESSION-00806,6,curl.exe,external_host,network,553079,1,0,attack
SESSION-00807,1,teams.exe,browser.exe,process,0,0,0,benign
SESSION-00807,2,browser.exe,company_portal,network,30033,0,0,benign
SESSION-00808,1,python.exe,analysis.csv,file,0,0,0,benign
SESSION-00808,2,python.exe,local_database,network,21820,0,0,benign
SESSION-00809,1,outlook.exe,powershell.exe,process,0,0,1,attack
SESSION-00809,2,powershell.exe,payload.tmp,file,0,0,1,attack
SESSION-00809,3,powershell.exe,rundll32.exe,process,0,0,0,attack
SESSION-00809,4,rundll32.exe,credential_store,file,0,0,0,attack
SESSION-00809,5,rundll32.exe,curl.exe,process,0,0,0,attack
SESSION-00809,6,curl.exe,external_host,network,606871,1,0,attack
SESSION-00810,1,teams.exe,browser.exe,process,0,0,0,benign
SESSION-00810,2,browser.exe,company_portal,network,40720,0,0,benign
SESSION-00811,1,backup.exe,archive.zip,file,0,0,0,benign
SESSION-00811,2,backup.exe,backup_server,network,15580,0,0,benign
SESSION-00811,3,backup_server,cache.tmp,file,0,0,0,benign
SESSION-00812,1,explorer.exe,browser.exe,process,0,0,0,benign
SESSION-00812,2,browser.exe,trusted_api,network,17401,1,0,benign
SESSION-00813,1,backup.exe,archive.zip,file,0,0,0,benign
SESSION-00813,2,backup.exe,backup_server,network,27811,0,0,benign
SESSION-00813,3,backup_server,cache.tmp,file,0,0,0,benign
SESSION-00814,1,outlook.exe,pdf_reader.exe,process,0,0,0,benign
SESSION-00814,2,pdf_reader.exe,document.pdf,file,0,0,0,benign
SESSION-00815,1,explorer.exe,browser.exe,process,0,0,0,benign
SESSION-00815,2,browser.exe,trusted_api,network,8082,1,0,benign
SESSION-00816,1,backup.exe,archive.zip,file,0,0,0,benign
SESSION-00816,2,backup.exe,backup_server,network,7508,0,0,benign
SESSION-00816,3,backup_server,cache.tmp,file,0,0,0,benign
SESSION-00817,1,teams.exe,browser.exe,process,0,0,0,attack
SESSION-00817,2,browser.exe,company_portal,network,17731,0,0,attack
SESSION-00818,1,teams.exe,browser.exe,process,0,0,0,benign
SESSION-00818,2,browser.exe,company_portal,network,60583,0,0,benign
SESSION-00819,1,outlook.exe,pdf_reader.exe,process,0,0,0,benign
SESSION-00819,2,pdf_reader.exe,document.pdf,file,0,0,0,benign
SESSION-00820,1,outlook.exe,pdf_reader.exe,process,0,0,0,benign
SESSION-00820,2,pdf_reader.exe,document.pdf,file,0,0,0,benign
SESSION-00821,1,backup.exe,archive.zip,file,0,0,0,attack
SESSION-00821,2,backup.exe,backup_server,network,22240,0,0,attack
SESSION-00821,3,backup_server,cache.tmp,file,0,0,0,attack
SESSION-00822,1,outlook.exe,powershell.exe,process,0,0,1,attack
SESSION-00822,2,powershell.exe,payload.tmp,file,0,0,1,attack
SESSION-00822,3,powershell.exe,rundll32.exe,process,0,0,0,attack
SESSION-00822,4,rundll32.exe,credential_store,file,0,0,0,attack
SESSION-00822,5,rundll32.exe,curl.exe,process,0,0,0,attack
SESSION-00822,6,curl.exe,external_host,network,400026,1,0,attack
SESSION-00823,1,outlook.exe,pdf_reader.exe,process,0,0,0,benign
SESSION-00823,2,pdf_reader.exe,document.pdf,file,0,0,0,benign
SESSION-00824,1,teams.exe,browser.exe,process,0,0,0,benign
SESSION-00824,2,browser.exe,company_portal,network,29656,0,0,benign
SESSION-00825,1,explorer.exe,browser.exe,process,0,0,0,benign
SESSION-00825,2,browser.exe,trusted_api,network,25672,1,0,benign
SESSION-00826,1,teams.exe,browser.exe,process,0,0,0,benign
SESSION-00826,2,browser.exe,company_portal,network,11541,0,0,benign
SESSION-00827,1,outlook.exe,powershell.exe,process,0,0,1,attack
SESSION-00827,2,powershell.exe,payload.tmp,file,0,0,1,attack
SESSION-00827,3,powershell.exe,rundll32.exe,process,0,0,0,attack
SESSION-00827,4,rundll32.exe,credential_store,file,0,0,0,attack
SESSION-00827,5,rundll32.exe,curl.exe,process,0,0,0,attack
SESSION-00827,6,curl.exe,external_host,network,210784,1,0,attack
SESSION-00828,1,teams.exe,browser.exe,process,0,0,0,benign
SESSION-00828,2,browser.exe,company_portal,network,30613,0,0,benign
SESSION-00828,3,company_portal,cache.tmp,file,0,0,0,benign
SESSION-00829,1,outlook.exe,powershell.exe,process,0,0,1,attack
SESSION-00829,2,powershell.exe,payload.tmp,file,0,0,1,attack
SESSION-00829,3,powershell.exe,rundll32.exe,process,0,0,0,attack
SESSION-00829,4,rundll32.exe,curl.exe,process,0,0,0,attack
SESSION-00829,5,curl.exe,external_host,network,287499,1,0,attack
SESSION-00830,1,explorer.exe,browser.exe,process,0,0,0,benign
SESSION-00830,2,browser.exe,trusted_api,network,16741,1,0,benign
SESSION-00830,3,trusted_api,cache.tmp,file,0,0,0,benign
SESSION-00831,1,outlook.exe,powershell.exe,process,0,0,1,attack
SESSION-00831,2,powershell.exe,payload.tmp,file,0,0,1,attack
SESSION-00831,3,powershell.exe,rundll32.exe,process,0,0,0,attack
SESSION-00831,4,rundll32.exe,curl.exe,process,0,0,0,attack
SESSION-00831,5,curl.exe,external_host,network,818906,1,0,attack
SESSION-00832,1,outlook.exe,powershell.exe,process,0,0,1,benign
SESSION-00832,2,powershell.exe,payload.tmp,file,0,0,1,benign
SESSION-00832,3,powershell.exe,rundll32.exe,process,0,0,0,benign
SESSION-00832,4,rundll32.exe,credential_store,file,0,0,0,benign
SESSION-00832,5,rundll32.exe,curl.exe,process,0,0,0,benign
SESSION-00832,6,curl.exe,external_host,network,138434,1,0,benign
SESSION-00833,1,teams.exe,browser.exe,process,0,0,0,benign
SESSION-00833,2,browser.exe,company_portal,network,31364,0,0,benign
SESSION-00833,3,company_portal,cache.tmp,file,0,0,0,benign
SESSION-00834,1,backup.exe,archive.zip,file,0,0,0,benign
SESSION-00834,2,backup.exe,backup_server,network,4133,0,0,benign
SESSION-00835,1,teams.exe,browser.exe,process,0,0,0,benign
SESSION-00835,2,browser.exe,company_portal,network,23212,0,0,benign
SESSION-00836,1,explorer.exe,browser.exe,process,0,0,0,benign
SESSION-00836,2,browser.exe,trusted_api,network,26941,1,0,benign
SESSION-00836,3,trusted_api,cache.tmp,file,0,0,0,benign
SESSION-00837,1,explorer.exe,browser.exe,process,0,0,0,attack
SESSION-00837,2,browser.exe,trusted_api,network,51310,1,0,attack
SESSION-00837,3,trusted_api,cache.tmp,file,0,0,0,attack
SESSION-00838,1,backup.exe,archive.zip,file,0,0,0,benign
SESSION-00838,2,backup.exe,backup_server,network,61455,0,0,benign
SESSION-00839,1,explorer.exe,browser.exe,process,0,0,0,benign
SESSION-00839,2,browser.exe,trusted_api,network,16597,1,0,benign
SESSION-00839,3,trusted_api,cache.tmp,file,0,0,0,benign
SESSION-00840,1,outlook.exe,powershell.exe,process,0,0,1,attack
SESSION-00840,2,powershell.exe,payload.tmp,file,0,0,1,attack
SESSION-00840,3,powershell.exe,rundll32.exe,process,0,0,0,attack
SESSION-00840,4,rundll32.exe,curl.exe,process,0,0,0,attack
SESSION-00840,5,curl.exe,external_host,network,158876,1,0,attack
SESSION-00841,1,python.exe,analysis.csv,file,0,0,0,benign
SESSION-00841,2,python.exe,local_database,network,64028,0,0,benign
SESSION-00842,1,outlook.exe,powershell.exe,process,0,0,1,attack
SESSION-00842,2,powershell.exe,payload.tmp,file,0,0,1,attack
SESSION-00842,3,powershell.exe,rundll32.exe,process,0,0,0,attack
SESSION-00842,4,rundll32.exe,credential_store,file,0,0,0,attack
SESSION-00842,5,rundll32.exe,curl.exe,process,0,0,0,attack
SESSION-00842,6,curl.exe,external_host,network,685259,1,0,attack
SESSION-00843,1,outlook.exe,pdf_reader.exe,process,0,0,0,benign
SESSION-00843,2,pdf_reader.exe,document.pdf,file,0,0,0,benign
SESSION-00843,3,document.pdf,cache.tmp,file,0,0,0,benign
SESSION-00844,1,explorer.exe,browser.exe,process,0,0,0,benign
SESSION-00844,2,browser.exe,trusted_api,network,5634,1,0,benign
SESSION-00844,3,trusted_api,cache.tmp,file,0,0,0,benign
SESSION-00845,1,explorer.exe,browser.exe,process,0,0,0,benign
SESSION-00845,2,browser.exe,trusted_api,network,11027,1,0,benign
SESSION-00845,3,trusted_api,cache.tmp,file,0,0,0,benign
SESSION-00846,1,outlook.exe,pdf_reader.exe,process,0,0,0,attack
SESSION-00846,2,pdf_reader.exe,document.pdf,file,0,0,0,attack
SESSION-00847,1,python.exe,analysis.csv,file,0,0,0,benign
SESSION-00847,2,python.exe,local_database,network,18179,0,0,benign
SESSION-00847,3,local_database,cache.tmp,file,0,0,0,benign
SESSION-00848,1,outlook.exe,powershell.exe,process,0,0,1,attack
SESSION-00848,2,powershell.exe,payload.tmp,file,0,0,1,attack
SESSION-00848,3,powershell.exe,rundll32.exe,process,0,0,0,attack
SESSION-00848,4,rundll32.exe,curl.exe,process,0,0,0,attack
SESSION-00848,5,curl.exe,external_host,network,535108,1,0,attack
SESSION-00849,1,teams.exe,browser.exe,process,0,0,0,benign
SESSION-00849,2,browser.exe,company_portal,network,42911,0,0,benign
SESSION-00850,1,outlook.exe,powershell.exe,process,0,0,1,benign
SESSION-00850,2,powershell.exe,payload.tmp,file,0,0,1,benign
SESSION-00850,3,powershell.exe,rundll32.exe,process,0,0,0,benign
SESSION-00850,4,rundll32.exe,credential_store,file,0,0,0,benign
SESSION-00850,5,rundll32.exe,curl.exe,process,0,0,0,benign
SESSION-00850,6,curl.exe,external_host,network,271455,1,0,benign
SESSION-00851,1,outlook.exe,powershell.exe,process,0,0,1,attack
SESSION-00851,2,powershell.exe,payload.tmp,file,0,0,1,attack
SESSION-00851,3,powershell.exe,rundll32.exe,process,0,0,0,attack
SESSION-00851,4,rundll32.exe,curl.exe,process,0,0,0,attack
SESSION-00851,5,curl.exe,external_host,network,131308,1,0,attack
SESSION-00852,1,teams.exe,browser.exe,process,0,0,0,benign
SESSION-00852,2,browser.exe,company_portal,network,11225,0,0,benign
SESSION-00853,1,outlook.exe,powershell.exe,process,0,0,1,benign
SESSION-00853,2,powershell.exe,payload.tmp,file,0,0,1,benign
SESSION-00853,3,powershell.exe,rundll32.exe,process,0,0,0,benign
SESSION-00853,4,rundll32.exe,credential_store,file,0,0,0,benign
SESSION-00853,5,rundll32.exe,curl.exe,process,0,0,0,benign
SESSION-00853,6,curl.exe,external_host,network,750688,1,0,benign
SESSION-00854,1,outlook.exe,powershell.exe,process,0,0,1,attack
SESSION-00854,2,powershell.exe,payload.tmp,file,0,0,1,attack
SESSION-00854,3,powershell.exe,rundll32.exe,process,0,0,0,attack
SESSION-00854,4,rundll32.exe,curl.exe,process,0,0,0,attack
SESSION-00854,5,curl.exe,external_host,network,310082,1,0,attack
SESSION-00855,1,teams.exe,browser.exe,process,0,0,0,benign
SESSION-00855,2,browser.exe,company_portal,network,52893,0,0,benign
SESSION-00856,1,outlook.exe,powershell.exe,process,0,0,1,attack
SESSION-00856,2,powershell.exe,payload.tmp,file,0,0,1,attack
SESSION-00856,3,powershell.exe,rundll32.exe,process,0,0,0,attack
SESSION-00856,4,rundll32.exe,credential_store,file,0,0,0,attack
SESSION-00856,5,rundll32.exe,curl.exe,process,0,0,0,attack
SESSION-00856,6,curl.exe,external_host,network,363804,1,0,attack
SESSION-00857,1,outlook.exe,powershell.exe,process,0,0,1,attack
SESSION-00857,2,powershell.exe,payload.tmp,file,0,0,1,attack
SESSION-00857,3,powershell.exe,rundll32.exe,process,0,0,0,attack
SESSION-00857,4,rundll32.exe,credential_store,file,0,0,0,attack
SESSION-00857,5,rundll32.exe,curl.exe,process,0,0,0,attack
SESSION-00857,6,curl.exe,external_host,network,476479,1,0,attack
SESSION-00858,1,outlook.exe,powershell.exe,process,0,0,1,attack
SESSION-00858,2,powershell.exe,payload.tmp,file,0,0,1,attack
SESSION-00858,3,powershell.exe,rundll32.exe,process,0,0,0,attack
SESSION-00858,4,rundll32.exe,credential_store,file,0,0,0,attack
SESSION-00858,5,rundll32.exe,curl.exe,process,0,0,0,attack
SESSION-00858,6,curl.exe,external_host,network,447789,1,0,attack
SESSION-00859,1,backup.exe,archive.zip,file,0,0,0,benign
SESSION-00859,2,backup.exe,backup_server,network,43426,0,0,benign
SESSION-00860,1,backup.exe,archive.zip,file,0,0,0,benign
SESSION-00860,2,backup.exe,backup_server,network,10317,0,0,benign
SESSION-00861,1,explorer.exe,browser.exe,process,0,0,0,benign
SESSION-00861,2,browser.exe,trusted_api,network,40581,1,0,benign
SESSION-00862,1,backup.exe,archive.zip,file,0,0,0,benign
SESSION-00862,2,backup.exe,backup_server,network,28061,0,0,benign
SESSION-00863,1,outlook.exe,powershell.exe,process,0,0,1,attack
SESSION-00863,2,powershell.exe,payload.tmp,file,0,0,1,attack
SESSION-00863,3,powershell.exe,rundll32.exe,process,0,0,0,attack
SESSION-00863,4,rundll32.exe,credential_store,file,0,0,0,attack
SESSION-00863,5,rundll32.exe,curl.exe,process,0,0,0,attack
SESSION-00863,6,curl.exe,external_host,network,302154,1,0,attack
SESSION-00864,1,explorer.exe,browser.exe,process,0,0,0,benign
SESSION-00864,2,browser.exe,trusted_api,network,4707,1,0,benign
SESSION-00864,3,trusted_api,cache.tmp,file,0,0,0,benign
SESSION-00865,1,explorer.exe,browser.exe,process,0,0,0,benign
SESSION-00865,2,browser.exe,trusted_api,network,32056,1,0,benign
SESSION-00865,3,trusted_api,cache.tmp,file,0,0,0,benign
SESSION-00866,1,outlook.exe,powershell.exe,process,0,0,1,attack
SESSION-00866,2,powershell.exe,payload.tmp,file,0,0,1,attack
SESSION-00866,3,powershell.exe,rundll32.exe,process,0,0,0,attack
SESSION-00866,4,rundll32.exe,curl.exe,process,0,0,0,attack
SESSION-00866,5,curl.exe,external_host,network,882352,1,0,attack
SESSION-00867,1,outlook.exe,powershell.exe,process,0,0,1,attack
SESSION-00867,2,powershell.exe,payload.tmp,file,0,0,1,attack
SESSION-00867,3,powershell.exe,rundll32.exe,process,0,0,0,attack
SESSION-00867,4,rundll32.exe,curl.exe,process,0,0,0,attack
SESSION-00867,5,curl.exe,external_host,network,705997,1,0,attack
SESSION-00868,1,python.exe,analysis.csv,file,0,0,0,benign
SESSION-00868,2,python.exe,local_database,network,46359,0,0,benign
SESSION-00869,1,explorer.exe,browser.exe,process,0,0,0,benign
SESSION-00869,2,browser.exe,trusted_api,network,22401,1,0,benign
SESSION-00869,3,trusted_api,cache.tmp,file,0,0,0,benign
SESSION-00870,1,outlook.exe,powershell.exe,process,0,0,1,benign
SESSION-00870,2,powershell.exe,payload.tmp,file,0,0,1,benign
SESSION-00870,3,powershell.exe,rundll32.exe,process,0,0,0,benign
SESSION-00870,4,rundll32.exe,credential_store,file,0,0,0,benign
SESSION-00870,5,rundll32.exe,curl.exe,process,0,0,0,benign
SESSION-00870,6,curl.exe,external_host,network,108172,1,0,benign
SESSION-00871,1,outlook.exe,powershell.exe,process,0,0,1,attack
SESSION-00871,2,powershell.exe,payload.tmp,file,0,0,1,attack
SESSION-00871,3,powershell.exe,rundll32.exe,process,0,0,0,attack
SESSION-00871,4,rundll32.exe,curl.exe,process,0,0,0,attack
SESSION-00871,5,curl.exe,external_host,network,306020,1,0,attack
SESSION-00872,1,explorer.exe,browser.exe,process,0,0,0,benign
SESSION-00872,2,browser.exe,trusted_api,network,29302,1,0,benign
SESSION-00873,1,python.exe,analysis.csv,file,0,0,0,benign
SESSION-00873,2,python.exe,local_database,network,32968,0,0,benign
SESSION-00874,1,backup.exe,archive.zip,file,0,0,0,benign
SESSION-00874,2,backup.exe,backup_server,network,33309,0,0,benign
SESSION-00875,1,outlook.exe,powershell.exe,process,0,0,1,attack
SESSION-00875,2,powershell.exe,payload.tmp,file,0,0,1,attack
SESSION-00875,3,powershell.exe,rundll32.exe,process,0,0,0,attack
SESSION-00875,4,rundll32.exe,credential_store,file,0,0,0,attack
SESSION-00875,5,rundll32.exe,curl.exe,process,0,0,0,attack
SESSION-00875,6,curl.exe,external_host,network,469588,1,0,attack
SESSION-00876,1,outlook.exe,pdf_reader.exe,process,0,0,0,benign
SESSION-00876,2,pdf_reader.exe,document.pdf,file,0,0,0,benign
SESSION-00876,3,document.pdf,cache.tmp,file,0,0,0,benign
SESSION-00877,1,python.exe,analysis.csv,file,0,0,0,attack
SESSION-00877,2,python.exe,local_database,network,39775,0,0,attack
SESSION-00877,3,local_database,cache.tmp,file,0,0,0,attack
SESSION-00878,1,python.exe,analysis.csv,file,0,0,0,benign
SESSION-00878,2,python.exe,local_database,network,36401,0,0,benign
SESSION-00879,1,explorer.exe,browser.exe,process,0,0,0,attack
SESSION-00879,2,browser.exe,trusted_api,network,48460,1,0,attack
SESSION-00879,3,trusted_api,cache.tmp,file,0,0,0,attack
SESSION-00880,1,outlook.exe,powershell.exe,process,0,0,1,attack
SESSION-00880,2,powershell.exe,payload.tmp,file,0,0,1,attack
SESSION-00880,3,powershell.exe,rundll32.exe,process,0,0,0,attack
SESSION-00880,4,rundll32.exe,credential_store,file,0,0,0,attack
SESSION-00880,5,rundll32.exe,curl.exe,process,0,0,0,attack
SESSION-00880,6,curl.exe,external_host,network,347946,1,0,attack
SESSION-00881,1,explorer.exe,browser.exe,process,0,0,0,benign
SESSION-00881,2,browser.exe,trusted_api,network,36669,1,0,benign
SESSION-00882,1,teams.exe,browser.exe,process,0,0,0,benign
SESSION-00882,2,browser.exe,company_portal,network,57905,0,0,benign
SESSION-00882,3,company_portal,cache.tmp,file,0,0,0,benign
SESSION-00883,1,python.exe,analysis.csv,file,0,0,0,benign
SESSION-00883,2,python.exe,local_database,network,45673,0,0,benign
SESSION-00883,3,local_database,cache.tmp,file,0,0,0,benign
SESSION-00884,1,explorer.exe,browser.exe,process,0,0,0,benign
SESSION-00884,2,browser.exe,trusted_api,network,23036,1,0,benign
SESSION-00885,1,outlook.exe,powershell.exe,process,0,0,1,attack
SESSION-00885,2,powershell.exe,payload.tmp,file,0,0,1,attack
SESSION-00885,3,powershell.exe,rundll32.exe,process,0,0,0,attack
SESSION-00885,4,rundll32.exe,credential_store,file,0,0,0,attack
SESSION-00885,5,rundll32.exe,curl.exe,process,0,0,0,attack
SESSION-00885,6,curl.exe,external_host,network,510227,1,0,attack
SESSION-00886,1,explorer.exe,browser.exe,process,0,0,0,benign
SESSION-00886,2,browser.exe,trusted_api,network,8521,1,0,benign
SESSION-00887,1,explorer.exe,browser.exe,process,0,0,0,benign
SESSION-00887,2,browser.exe,trusted_api,network,39146,1,0,benign
SESSION-00888,1,outlook.exe,powershell.exe,process,0,0,1,benign
SESSION-00888,2,powershell.exe,payload.tmp,file,0,0,1,benign
SESSION-00888,3,powershell.exe,rundll32.exe,process,0,0,0,benign
SESSION-00888,4,rundll32.exe,credential_store,file,0,0,0,benign
SESSION-00888,5,rundll32.exe,curl.exe,process,0,0,0,benign
SESSION-00888,6,curl.exe,external_host,network,510844,1,0,benign
SESSION-00889,1,explorer.exe,browser.exe,process,0,0,0,benign
SESSION-00889,2,browser.exe,trusted_api,network,20872,1,0,benign
SESSION-00890,1,outlook.exe,pdf_reader.exe,process,0,0,0,benign
SESSION-00890,2,pdf_reader.exe,document.pdf,file,0,0,0,benign
SESSION-00891,1,outlook.exe,pdf_reader.exe,process,0,0,0,benign
SESSION-00891,2,pdf_reader.exe,document.pdf,file,0,0,0,benign
SESSION-00892,1,python.exe,analysis.csv,file,0,0,0,benign
SESSION-00892,2,python.exe,local_database,network,38942,0,0,benign
SESSION-00893,1,outlook.exe,powershell.exe,process,0,0,1,attack
SESSION-00893,2,powershell.exe,payload.tmp,file,0,0,1,attack
SESSION-00893,3,powershell.exe,rundll32.exe,process,0,0,0,attack
SESSION-00893,4,rundll32.exe,curl.exe,process,0,0,0,attack
SESSION-00893,5,curl.exe,external_host,network,649116,1,0,attack
SESSION-00894,1,outlook.exe,powershell.exe,process,0,0,1,attack
SESSION-00894,2,powershell.exe,payload.tmp,file,0,0,1,attack
SESSION-00894,3,powershell.exe,rundll32.exe,process,0,0,0,attack
SESSION-00894,4,rundll32.exe,curl.exe,process,0,0,0,attack
SESSION-00894,5,curl.exe,external_host,network,89879,1,0,attack
SESSION-00895,1,outlook.exe,powershell.exe,process,0,0,1,benign
SESSION-00895,2,powershell.exe,payload.tmp,file,0,0,1,benign
SESSION-00895,3,powershell.exe,rundll32.exe,process,0,0,0,benign
SESSION-00895,4,rundll32.exe,curl.exe,process,0,0,0,benign
SESSION-00895,5,curl.exe,external_host,network,213806,1,0,benign
SESSION-00896,1,explorer.exe,browser.exe,process,0,0,0,benign
SESSION-00896,2,browser.exe,trusted_api,network,20064,1,0,benign
SESSION-00897,1,python.exe,analysis.csv,file,0,0,0,benign
SESSION-00897,2,python.exe,local_database,network,14768,0,0,benign
SESSION-00898,1,python.exe,analysis.csv,file,0,0,0,benign
SESSION-00898,2,python.exe,local_database,network,29674,0,0,benign
SESSION-00898,3,local_database,cache.tmp,file,0,0,0,benign
SESSION-00899,1,outlook.exe,powershell.exe,process,0,0,1,attack
SESSION-00899,2,powershell.exe,payload.tmp,file,0,0,1,attack
SESSION-00899,3,powershell.exe,rundll32.exe,process,0,0,0,attack
SESSION-00899,4,rundll32.exe,credential_store,file,0,0,0,attack
SESSION-00899,5,rundll32.exe,curl.exe,process,0,0,0,attack
SESSION-00899,6,curl.exe,external_host,network,277309,1,0,attack
SESSION-00900,1,backup.exe,archive.zip,file,0,0,0,benign
SESSION-00900,2,backup.exe,backup_server,network,55623,0,0,benign
SESSION-00900,3,backup_server,cache.tmp,file,0,0,0,benign
SESSION-00901,1,explorer.exe,browser.exe,process,0,0,0,benign
SESSION-00901,2,browser.exe,trusted_api,network,55643,1,0,benign
SESSION-00902,1,explorer.exe,browser.exe,process,0,0,0,benign
SESSION-00902,2,browser.exe,trusted_api,network,5143,1,0,benign
SESSION-00903,1,backup.exe,archive.zip,file,0,0,0,benign
SESSION-00903,2,backup.exe,backup_server,network,57152,0,0,benign
SESSION-00903,3,backup_server,cache.tmp,file,0,0,0,benign
SESSION-00904,1,python.exe,analysis.csv,file,0,0,0,benign
SESSION-00904,2,python.exe,local_database,network,36022,0,0,benign
SESSION-00904,3,local_database,cache.tmp,file,0,0,0,benign
SESSION-00905,1,outlook.exe,powershell.exe,process,0,0,1,attack
SESSION-00905,2,powershell.exe,payload.tmp,file,0,0,1,attack
SESSION-00905,3,powershell.exe,rundll32.exe,process,0,0,0,attack
SESSION-00905,4,rundll32.exe,curl.exe,process,0,0,0,attack
SESSION-00905,5,curl.exe,external_host,network,499161,1,0,attack
SESSION-00906,1,outlook.exe,powershell.exe,process,0,0,1,benign
SESSION-00906,2,powershell.exe,payload.tmp,file,0,0,1,benign
SESSION-00906,3,powershell.exe,rundll32.exe,process,0,0,0,benign
SESSION-00906,4,rundll32.exe,curl.exe,process,0,0,0,benign
SESSION-00906,5,curl.exe,external_host,network,133083,1,0,benign
SESSION-00907,1,backup.exe,archive.zip,file,0,0,0,benign
SESSION-00907,2,backup.exe,backup_server,network,8912,0,0,benign
SESSION-00907,3,backup_server,cache.tmp,file,0,0,0,benign
SESSION-00908,1,python.exe,analysis.csv,file,0,0,0,benign
SESSION-00908,2,python.exe,local_database,network,56961,0,0,benign
SESSION-00909,1,backup.exe,archive.zip,file,0,0,0,benign
SESSION-00909,2,backup.exe,backup_server,network,13308,0,0,benign
SESSION-00910,1,python.exe,analysis.csv,file,0,0,0,attack
SESSION-00910,2,python.exe,local_database,network,11518,0,0,attack
SESSION-00910,3,local_database,cache.tmp,file,0,0,0,attack
SESSION-00911,1,outlook.exe,powershell.exe,process,0,0,1,benign
SESSION-00911,2,powershell.exe,payload.tmp,file,0,0,1,benign
SESSION-00911,3,powershell.exe,rundll32.exe,process,0,0,0,benign
SESSION-00911,4,rundll32.exe,curl.exe,process,0,0,0,benign
SESSION-00911,5,curl.exe,external_host,network,540791,1,0,benign
SESSION-00912,1,outlook.exe,powershell.exe,process,0,0,1,attack
SESSION-00912,2,powershell.exe,payload.tmp,file,0,0,1,attack
SESSION-00912,3,powershell.exe,rundll32.exe,process,0,0,0,attack
SESSION-00912,4,rundll32.exe,credential_store,file,0,0,0,attack
SESSION-00912,5,rundll32.exe,curl.exe,process,0,0,0,attack
SESSION-00912,6,curl.exe,external_host,network,118595,1,0,attack
SESSION-00913,1,explorer.exe,browser.exe,process,0,0,0,benign
SESSION-00913,2,browser.exe,trusted_api,network,3303,1,0,benign
SESSION-00914,1,teams.exe,browser.exe,process,0,0,0,benign
SESSION-00914,2,browser.exe,company_portal,network,4340,0,0,benign
SESSION-00915,1,teams.exe,browser.exe,process,0,0,0,attack
SESSION-00915,2,browser.exe,company_portal,network,12015,0,0,attack
SESSION-00916,1,backup.exe,archive.zip,file,0,0,0,benign
SESSION-00916,2,backup.exe,backup_server,network,3940,0,0,benign
SESSION-00917,1,explorer.exe,browser.exe,process,0,0,0,benign
SESSION-00917,2,browser.exe,trusted_api,network,23970,1,0,benign
SESSION-00917,3,trusted_api,cache.tmp,file,0,0,0,benign
SESSION-00918,1,explorer.exe,browser.exe,process,0,0,0,benign
SESSION-00918,2,browser.exe,trusted_api,network,6440,1,0,benign
SESSION-00918,3,trusted_api,cache.tmp,file,0,0,0,benign
SESSION-00919,1,teams.exe,browser.exe,process,0,0,0,benign
SESSION-00919,2,browser.exe,company_portal,network,53395,0,0,benign
SESSION-00920,1,python.exe,analysis.csv,file,0,0,0,benign
SESSION-00920,2,python.exe,local_database,network,25627,0,0,benign
SESSION-00921,1,python.exe,analysis.csv,file,0,0,0,benign
SESSION-00921,2,python.exe,local_database,network,12901,0,0,benign
SESSION-00922,1,backup.exe,archive.zip,file,0,0,0,benign
SESSION-00922,2,backup.exe,backup_server,network,7114,0,0,benign
SESSION-00923,1,backup.exe,archive.zip,file,0,0,0,benign
SESSION-00923,2,backup.exe,backup_server,network,15776,0,0,benign
SESSION-00924,1,outlook.exe,powershell.exe,process,0,0,1,attack
SESSION-00924,2,powershell.exe,payload.tmp,file,0,0,1,attack
SESSION-00924,3,powershell.exe,rundll32.exe,process,0,0,0,attack
SESSION-00924,4,rundll32.exe,curl.exe,process,0,0,0,attack
SESSION-00924,5,curl.exe,external_host,network,634642,1,0,attack
SESSION-00925,1,outlook.exe,powershell.exe,process,0,0,1,attack
SESSION-00925,2,powershell.exe,payload.tmp,file,0,0,1,attack
SESSION-00925,3,powershell.exe,rundll32.exe,process,0,0,0,attack
SESSION-00925,4,rundll32.exe,credential_store,file,0,0,0,attack
SESSION-00925,5,rundll32.exe,curl.exe,process,0,0,0,attack
SESSION-00925,6,curl.exe,external_host,network,514086,1,0,attack
SESSION-00926,1,teams.exe,browser.exe,process,0,0,0,benign
SESSION-00926,2,browser.exe,company_portal,network,49127,0,0,benign
SESSION-00927,1,teams.exe,browser.exe,process,0,0,0,benign
SESSION-00927,2,browser.exe,company_portal,network,63108,0,0,benign
SESSION-00927,3,company_portal,cache.tmp,file,0,0,0,benign
SESSION-00928,1,python.exe,analysis.csv,file,0,0,0,benign
SESSION-00928,2,python.exe,local_database,network,3869,0,0,benign
SESSION-00929,1,python.exe,analysis.csv,file,0,0,0,benign
SESSION-00929,2,python.exe,local_database,network,31238,0,0,benign
SESSION-00930,1,outlook.exe,pdf_reader.exe,process,0,0,0,benign
SESSION-00930,2,pdf_reader.exe,document.pdf,file,0,0,0,benign
SESSION-00931,1,backup.exe,archive.zip,file,0,0,0,benign
SESSION-00931,2,backup.exe,backup_server,network,40394,0,0,benign
SESSION-00931,3,backup_server,cache.tmp,file,0,0,0,benign
SESSION-00932,1,python.exe,analysis.csv,file,0,0,0,benign
SESSION-00932,2,python.exe,local_database,network,34814,0,0,benign
SESSION-00933,1,outlook.exe,powershell.exe,process,0,0,1,attack
SESSION-00933,2,powershell.exe,payload.tmp,file,0,0,1,attack
SESSION-00933,3,powershell.exe,rundll32.exe,process,0,0,0,attack
SESSION-00933,4,rundll32.exe,credential_store,file,0,0,0,attack
SESSION-00933,5,rundll32.exe,curl.exe,process,0,0,0,attack
SESSION-00933,6,curl.exe,external_host,network,735518,1,0,attack
SESSION-00934,1,outlook.exe,powershell.exe,process,0,0,1,attack
SESSION-00934,2,powershell.exe,payload.tmp,file,0,0,1,attack
SESSION-00934,3,powershell.exe,rundll32.exe,process,0,0,0,attack
SESSION-00934,4,rundll32.exe,curl.exe,process,0,0,0,attack
SESSION-00934,5,curl.exe,external_host,network,494890,1,0,attack
SESSION-00935,1,outlook.exe,powershell.exe,process,0,0,1,benign
SESSION-00935,2,powershell.exe,payload.tmp,file,0,0,1,benign
SESSION-00935,3,powershell.exe,rundll32.exe,process,0,0,0,benign
SESSION-00935,4,rundll32.exe,curl.exe,process,0,0,0,benign
SESSION-00935,5,curl.exe,external_host,network,882676,1,0,benign
SESSION-00936,1,outlook.exe,powershell.exe,process,0,0,1,attack
SESSION-00936,2,powershell.exe,payload.tmp,file,0,0,1,attack
SESSION-00936,3,powershell.exe,rundll32.exe,process,0,0,0,attack
SESSION-00936,4,rundll32.exe,curl.exe,process,0,0,0,attack
SESSION-00936,5,curl.exe,external_host,network,93522,1,0,attack
SESSION-00937,1,outlook.exe,powershell.exe,process,0,0,1,attack
SESSION-00937,2,powershell.exe,payload.tmp,file,0,0,1,attack
SESSION-00937,3,powershell.exe,rundll32.exe,process,0,0,0,attack
SESSION-00937,4,rundll32.exe,credential_store,file,0,0,0,attack
SESSION-00937,5,rundll32.exe,curl.exe,process,0,0,0,attack
SESSION-00937,6,curl.exe,external_host,network,745932,1,0,attack
SESSION-00938,1,explorer.exe,browser.exe,process,0,0,0,benign
SESSION-00938,2,browser.exe,trusted_api,network,36048,1,0,benign
SESSION-00938,3,trusted_api,cache.tmp,file,0,0,0,benign
SESSION-00939,1,backup.exe,archive.zip,file,0,0,0,benign
SESSION-00939,2,backup.exe,backup_server,network,28572,0,0,benign
SESSION-00940,1,outlook.exe,powershell.exe,process,0,0,1,attack
SESSION-00940,2,powershell.exe,payload.tmp,file,0,0,1,attack
SESSION-00940,3,powershell.exe,rundll32.exe,process,0,0,0,attack
SESSION-00940,4,rundll32.exe,curl.exe,process,0,0,0,attack
SESSION-00940,5,curl.exe,external_host,network,473665,1,0,attack
SESSION-00941,1,explorer.exe,browser.exe,process,0,0,0,benign
SESSION-00941,2,browser.exe,trusted_api,network,34711,1,0,benign
SESSION-00941,3,trusted_api,cache.tmp,file,0,0,0,benign
SESSION-00942,1,python.exe,analysis.csv,file,0,0,0,benign
SESSION-00942,2,python.exe,local_database,network,60328,0,0,benign
SESSION-00943,1,teams.exe,browser.exe,process,0,0,0,benign
SESSION-00943,2,browser.exe,company_portal,network,33747,0,0,benign
SESSION-00944,1,outlook.exe,powershell.exe,process,0,0,1,attack
SESSION-00944,2,powershell.exe,payload.tmp,file,0,0,1,attack
SESSION-00944,3,powershell.exe,rundll32.exe,process,0,0,0,attack
SESSION-00944,4,rundll32.exe,curl.exe,process,0,0,0,attack
SESSION-00944,5,curl.exe,external_host,network,343271,1,0,attack
SESSION-00945,1,backup.exe,archive.zip,file,0,0,0,benign
SESSION-00945,2,backup.exe,backup_server,network,16141,0,0,benign
SESSION-00946,1,outlook.exe,powershell.exe,process,0,0,1,attack
SESSION-00946,2,powershell.exe,payload.tmp,file,0,0,1,attack
SESSION-00946,3,powershell.exe,rundll32.exe,process,0,0,0,attack
SESSION-00946,4,rundll32.exe,credential_store,file,0,0,0,attack
SESSION-00946,5,rundll32.exe,curl.exe,process,0,0,0,attack
SESSION-00946,6,curl.exe,external_host,network,331554,1,0,attack
SESSION-00947,1,explorer.exe,browser.exe,process,0,0,0,benign
SESSION-00947,2,browser.exe,trusted_api,network,53666,1,0,benign
SESSION-00947,3,trusted_api,cache.tmp,file,0,0,0,benign
SESSION-00948,1,explorer.exe,browser.exe,process,0,0,0,benign
SESSION-00948,2,browser.exe,trusted_api,network,50241,1,0,benign
SESSION-00949,1,outlook.exe,pdf_reader.exe,process,0,0,0,benign
SESSION-00949,2,pdf_reader.exe,document.pdf,file,0,0,0,benign
SESSION-00950,1,backup.exe,archive.zip,file,0,0,0,benign
SESSION-00950,2,backup.exe,backup_server,network,48991,0,0,benign
SESSION-00950,3,backup_server,cache.tmp,file,0,0,0,benign
SESSION-00951,1,teams.exe,browser.exe,process,0,0,0,benign
SESSION-00951,2,browser.exe,company_portal,network,16482,0,0,benign
SESSION-00951,3,company_portal,cache.tmp,file,0,0,0,benign
SESSION-00952,1,outlook.exe,powershell.exe,process,0,0,1,attack
SESSION-00952,2,powershell.exe,payload.tmp,file,0,0,1,attack
SESSION-00952,3,powershell.exe,rundll32.exe,process,0,0,0,attack
SESSION-00952,4,rundll32.exe,curl.exe,process,0,0,0,attack
SESSION-00952,5,curl.exe,external_host,network,740912,1,0,attack
SESSION-00953,1,outlook.exe,pdf_reader.exe,process,0,0,0,benign
SESSION-00953,2,pdf_reader.exe,document.pdf,file,0,0,0,benign
SESSION-00953,3,document.pdf,cache.tmp,file,0,0,0,benign
SESSION-00954,1,outlook.exe,powershell.exe,process,0,0,1,attack
SESSION-00954,2,powershell.exe,payload.tmp,file,0,0,1,attack
SESSION-00954,3,powershell.exe,rundll32.exe,process,0,0,0,attack
SESSION-00954,4,rundll32.exe,credential_store,file,0,0,0,attack
SESSION-00954,5,rundll32.exe,curl.exe,process,0,0,0,attack
SESSION-00954,6,curl.exe,external_host,network,439419,1,0,attack
SESSION-00955,1,outlook.exe,powershell.exe,process,0,0,1,benign
SESSION-00955,2,powershell.exe,payload.tmp,file,0,0,1,benign
SESSION-00955,3,powershell.exe,rundll32.exe,process,0,0,0,benign
SESSION-00955,4,rundll32.exe,credential_store,file,0,0,0,benign
SESSION-00955,5,rundll32.exe,curl.exe,process,0,0,0,benign
SESSION-00955,6,curl.exe,external_host,network,490488,1,0,benign
SESSION-00956,1,outlook.exe,powershell.exe,process,0,0,1,attack
SESSION-00956,2,powershell.exe,payload.tmp,file,0,0,1,attack
SESSION-00956,3,powershell.exe,rundll32.exe,process,0,0,0,attack
SESSION-00956,4,rundll32.exe,curl.exe,process,0,0,0,attack
SESSION-00956,5,curl.exe,external_host,network,197421,1,0,attack
SESSION-00957,1,explorer.exe,browser.exe,process,0,0,0,benign
SESSION-00957,2,browser.exe,trusted_api,network,58086,1,0,benign
SESSION-00958,1,outlook.exe,pdf_reader.exe,process,0,0,0,benign
SESSION-00958,2,pdf_reader.exe,document.pdf,file,0,0,0,benign
SESSION-00958,3,document.pdf,cache.tmp,file,0,0,0,benign
SESSION-00959,1,explorer.exe,browser.exe,process,0,0,0,benign
SESSION-00959,2,browser.exe,trusted_api,network,17463,1,0,benign
SESSION-00960,1,outlook.exe,pdf_reader.exe,process,0,0,0,benign
SESSION-00960,2,pdf_reader.exe,document.pdf,file,0,0,0,benign
SESSION-00961,1,backup.exe,archive.zip,file,0,0,0,benign
SESSION-00961,2,backup.exe,backup_server,network,42491,0,0,benign
SESSION-00961,3,backup_server,cache.tmp,file,0,0,0,benign
SESSION-00962,1,outlook.exe,powershell.exe,process,0,0,1,attack
SESSION-00962,2,powershell.exe,payload.tmp,file,0,0,1,attack
SESSION-00962,3,powershell.exe,rundll32.exe,process,0,0,0,attack
SESSION-00962,4,rundll32.exe,credential_store,file,0,0,0,attack
SESSION-00962,5,rundll32.exe,curl.exe,process,0,0,0,attack
SESSION-00962,6,curl.exe,external_host,network,503841,1,0,attack
SESSION-00963,1,python.exe,analysis.csv,file,0,0,0,benign
SESSION-00963,2,python.exe,local_database,network,37769,0,0,benign
SESSION-00963,3,local_database,cache.tmp,file,0,0,0,benign
SESSION-00964,1,backup.exe,archive.zip,file,0,0,0,benign
SESSION-00964,2,backup.exe,backup_server,network,42651,0,0,benign
SESSION-00964,3,backup_server,cache.tmp,file,0,0,0,benign
SESSION-00965,1,outlook.exe,pdf_reader.exe,process,0,0,0,benign
SESSION-00965,2,pdf_reader.exe,document.pdf,file,0,0,0,benign
SESSION-00965,3,document.pdf,cache.tmp,file,0,0,0,benign
SESSION-00966,1,outlook.exe,pdf_reader.exe,process,0,0,0,benign
SESSION-00966,2,pdf_reader.exe,document.pdf,file,0,0,0,benign
SESSION-00966,3,document.pdf,cache.tmp,file,0,0,0,benign
SESSION-00967,1,outlook.exe,pdf_reader.exe,process,0,0,0,benign
SESSION-00967,2,pdf_reader.exe,document.pdf,file,0,0,0,benign
SESSION-00967,3,document.pdf,cache.tmp,file,0,0,0,benign
SESSION-00968,1,teams.exe,browser.exe,process,0,0,0,benign
SESSION-00968,2,browser.exe,company_portal,network,22012,0,0,benign
SESSION-00968,3,company_portal,cache.tmp,file,0,0,0,benign
SESSION-00969,1,outlook.exe,powershell.exe,process,0,0,1,attack
SESSION-00969,2,powershell.exe,payload.tmp,file,0,0,1,attack
SESSION-00969,3,powershell.exe,rundll32.exe,process,0,0,0,attack
SESSION-00969,4,rundll32.exe,credential_store,file,0,0,0,attack
SESSION-00969,5,rundll32.exe,curl.exe,process,0,0,0,attack
SESSION-00969,6,curl.exe,external_host,network,633068,1,0,attack
SESSION-00970,1,outlook.exe,powershell.exe,process,0,0,1,attack
SESSION-00970,2,powershell.exe,payload.tmp,file,0,0,1,attack
SESSION-00970,3,powershell.exe,rundll32.exe,process,0,0,0,attack
SESSION-00970,4,rundll32.exe,curl.exe,process,0,0,0,attack
SESSION-00970,5,curl.exe,external_host,network,801162,1,0,attack
SESSION-00971,1,outlook.exe,pdf_reader.exe,process,0,0,0,benign
SESSION-00971,2,pdf_reader.exe,document.pdf,file,0,0,0,benign
SESSION-00971,3,document.pdf,cache.tmp,file,0,0,0,benign
SESSION-00972,1,outlook.exe,powershell.exe,process,0,0,1,attack
SESSION-00972,2,powershell.exe,payload.tmp,file,0,0,1,attack
SESSION-00972,3,powershell.exe,rundll32.exe,process,0,0,0,attack
SESSION-00972,4,rundll32.exe,curl.exe,process,0,0,0,attack
SESSION-00972,5,curl.exe,external_host,network,424244,1,0,attack
SESSION-00973,1,teams.exe,browser.exe,process,0,0,0,benign
SESSION-00973,2,browser.exe,company_portal,network,20664,0,0,benign
SESSION-00973,3,company_portal,cache.tmp,file,0,0,0,benign
SESSION-00974,1,outlook.exe,pdf_reader.exe,process,0,0,0,benign
SESSION-00974,2,pdf_reader.exe,document.pdf,file,0,0,0,benign
SESSION-00975,1,outlook.exe,pdf_reader.exe,process,0,0,0,attack
SESSION-00975,2,pdf_reader.exe,document.pdf,file,0,0,0,attack
SESSION-00976,1,outlook.exe,powershell.exe,process,0,0,1,attack
SESSION-00976,2,powershell.exe,payload.tmp,file,0,0,1,attack
SESSION-00976,3,powershell.exe,rundll32.exe,process,0,0,0,attack
SESSION-00976,4,rundll32.exe,credential_store,file,0,0,0,attack
SESSION-00976,5,rundll32.exe,curl.exe,process,0,0,0,attack
SESSION-00976,6,curl.exe,external_host,network,676683,1,0,attack
SESSION-00977,1,outlook.exe,powershell.exe,process,0,0,1,attack
SESSION-00977,2,powershell.exe,payload.tmp,file,0,0,1,attack
SESSION-00977,3,powershell.exe,rundll32.exe,process,0,0,0,attack
SESSION-00977,4,rundll32.exe,curl.exe,process,0,0,0,attack
SESSION-00977,5,curl.exe,external_host,network,479377,1,0,attack
SESSION-00978,1,teams.exe,browser.exe,process,0,0,0,benign
SESSION-00978,2,browser.exe,company_portal,network,4451,0,0,benign
SESSION-00979,1,outlook.exe,powershell.exe,process,0,0,1,attack
SESSION-00979,2,powershell.exe,payload.tmp,file,0,0,1,attack
SESSION-00979,3,powershell.exe,rundll32.exe,process,0,0,0,attack
SESSION-00979,4,rundll32.exe,credential_store,file,0,0,0,attack
SESSION-00979,5,rundll32.exe,curl.exe,process,0,0,0,attack
SESSION-00979,6,curl.exe,external_host,network,274925,1,0,attack
SESSION-00980,1,teams.exe,browser.exe,process,0,0,0,attack
SESSION-00980,2,browser.exe,company_portal,network,32456,0,0,attack
SESSION-00981,1,explorer.exe,browser.exe,process,0,0,0,benign
SESSION-00981,2,browser.exe,trusted_api,network,28564,1,0,benign
SESSION-00982,1,outlook.exe,powershell.exe,process,0,0,1,attack
SESSION-00982,2,powershell.exe,payload.tmp,file,0,0,1,attack
SESSION-00982,3,powershell.exe,rundll32.exe,process,0,0,0,attack
SESSION-00982,4,rundll32.exe,credential_store,file,0,0,0,attack
SESSION-00982,5,rundll32.exe,curl.exe,process,0,0,0,attack
SESSION-00982,6,curl.exe,external_host,network,550725,1,0,attack
SESSION-00983,1,backup.exe,archive.zip,file,0,0,0,benign
SESSION-00983,2,backup.exe,backup_server,network,48254,0,0,benign
SESSION-00984,1,python.exe,analysis.csv,file,0,0,0,benign
SESSION-00984,2,python.exe,local_database,network,49524,0,0,benign
SESSION-00985,1,python.exe,analysis.csv,file,0,0,0,benign
SESSION-00985,2,python.exe,local_database,network,52513,0,0,benign
SESSION-00986,1,python.exe,analysis.csv,file,0,0,0,benign
SESSION-00986,2,python.exe,local_database,network,34441,0,0,benign
SESSION-00987,1,teams.exe,browser.exe,process,0,0,0,benign
SESSION-00987,2,browser.exe,company_portal,network,52359,0,0,benign
SESSION-00988,1,outlook.exe,powershell.exe,process,0,0,1,attack
SESSION-00988,2,powershell.exe,payload.tmp,file,0,0,1,attack
SESSION-00988,3,powershell.exe,rundll32.exe,process,0,0,0,attack
SESSION-00988,4,rundll32.exe,curl.exe,process,0,0,0,attack
SESSION-00988,5,curl.exe,external_host,network,162575,1,0,attack
SESSION-00989,1,teams.exe,browser.exe,process,0,0,0,benign
SESSION-00989,2,browser.exe,company_portal,network,43580,0,0,benign
SESSION-00989,3,company_portal,cache.tmp,file,0,0,0,benign
SESSION-00990,1,python.exe,analysis.csv,file,0,0,0,benign
SESSION-00990,2,python.exe,local_database,network,31925,0,0,benign
SESSION-00991,1,teams.exe,browser.exe,process,0,0,0,benign
SESSION-00991,2,browser.exe,company_portal,network,31178,0,0,benign
SESSION-00992,1,explorer.exe,browser.exe,process,0,0,0,benign
SESSION-00992,2,browser.exe,trusted_api,network,9041,1,0,benign
SESSION-00992,3,trusted_api,cache.tmp,file,0,0,0,benign
SESSION-00993,1,teams.exe,browser.exe,process,0,0,0,benign
SESSION-00993,2,browser.exe,company_portal,network,38536,0,0,benign
SESSION-00993,3,company_portal,cache.tmp,file,0,0,0,benign
SESSION-00994,1,outlook.exe,pdf_reader.exe,process,0,0,0,benign
SESSION-00994,2,pdf_reader.exe,document.pdf,file,0,0,0,benign
SESSION-00995,1,python.exe,analysis.csv,file,0,0,0,benign
SESSION-00995,2,python.exe,local_database,network,18484,0,0,benign
SESSION-00995,3,local_database,cache.tmp,file,0,0,0,benign
SESSION-00996,1,explorer.exe,browser.exe,process,0,0,0,benign
SESSION-00996,2,browser.exe,trusted_api,network,64255,1,0,benign
SESSION-00996,3,trusted_api,cache.tmp,file,0,0,0,benign
SESSION-00997,1,outlook.exe,powershell.exe,process,0,0,1,attack
SESSION-00997,2,powershell.exe,payload.tmp,file,0,0,1,attack
SESSION-00997,3,powershell.exe,rundll32.exe,process,0,0,0,attack
SESSION-00997,4,rundll32.exe,curl.exe,process,0,0,0,attack
SESSION-00997,5,curl.exe,external_host,network,738639,1,0,attack
SESSION-00998,1,explorer.exe,browser.exe,process,0,0,0,benign
SESSION-00998,2,browser.exe,trusted_api,network,16004,1,0,benign
SESSION-00999,1,teams.exe,browser.exe,process,0,0,0,benign
SESSION-00999,2,browser.exe,company_portal,network,27245,0,0,benign
SESSION-01000,1,teams.exe,browser.exe,process,0,0,0,benign
SESSION-01000,2,browser.exe,company_portal,network,33479,0,0,benign
SESSION-01000,3,company_portal,cache.tmp,file,0,0,0,benign
SESSION-01001,1,teams.exe,browser.exe,process,0,0,0,benign
SESSION-01001,2,browser.exe,company_portal,network,43625,0,0,benign
SESSION-01002,1,explorer.exe,browser.exe,process,0,0,0,benign
SESSION-01002,2,browser.exe,trusted_api,network,24456,1,0,benign
SESSION-01003,1,python.exe,analysis.csv,file,0,0,0,benign
SESSION-01003,2,python.exe,local_database,network,60367,0,0,benign
SESSION-01004,1,outlook.exe,powershell.exe,process,0,0,1,attack
SESSION-01004,2,powershell.exe,payload.tmp,file,0,0,1,attack
SESSION-01004,3,powershell.exe,rundll32.exe,process,0,0,0,attack
SESSION-01004,4,rundll32.exe,credential_store,file,0,0,0,attack
SESSION-01004,5,rundll32.exe,curl.exe,process,0,0,0,attack
SESSION-01004,6,curl.exe,external_host,network,366183,1,0,attack
SESSION-01005,1,outlook.exe,powershell.exe,process,0,0,1,attack
SESSION-01005,2,powershell.exe,payload.tmp,file,0,0,1,attack
SESSION-01005,3,powershell.exe,rundll32.exe,process,0,0,0,attack
SESSION-01005,4,rundll32.exe,curl.exe,process,0,0,0,attack
SESSION-01005,5,curl.exe,external_host,network,177528,1,0,attack
SESSION-01006,1,teams.exe,browser.exe,process,0,0,0,benign
SESSION-01006,2,browser.exe,company_portal,network,2968,0,0,benign
SESSION-01006,3,company_portal,cache.tmp,file,0,0,0,benign
SESSION-01007,1,outlook.exe,powershell.exe,process,0,0,1,attack
SESSION-01007,2,powershell.exe,payload.tmp,file,0,0,1,attack
SESSION-01007,3,powershell.exe,rundll32.exe,process,0,0,0,attack
SESSION-01007,4,rundll32.exe,credential_store,file,0,0,0,attack
SESSION-01007,5,rundll32.exe,curl.exe,process,0,0,0,attack
SESSION-01007,6,curl.exe,external_host,network,304262,1,0,attack
SESSION-01008,1,outlook.exe,powershell.exe,process,0,0,1,attack
SESSION-01008,2,powershell.exe,payload.tmp,file,0,0,1,attack
SESSION-01008,3,powershell.exe,rundll32.exe,process,0,0,0,attack
SESSION-01008,4,rundll32.exe,curl.exe,process,0,0,0,attack
SESSION-01008,5,curl.exe,external_host,network,451397,1,0,attack
SESSION-01009,1,teams.exe,browser.exe,process,0,0,0,benign
SESSION-01009,2,browser.exe,company_portal,network,61022,0,0,benign
SESSION-01009,3,company_portal,cache.tmp,file,0,0,0,benign
SESSION-01010,1,python.exe,analysis.csv,file,0,0,0,benign
SESSION-01010,2,python.exe,local_database,network,47355,0,0,benign
SESSION-01011,1,python.exe,analysis.csv,file,0,0,0,benign
SESSION-01011,2,python.exe,local_database,network,11157,0,0,benign
SESSION-01012,1,teams.exe,browser.exe,process,0,0,0,benign
SESSION-01012,2,browser.exe,company_portal,network,8739,0,0,benign
SESSION-01012,3,company_portal,cache.tmp,file,0,0,0,benign
SESSION-01013,1,python.exe,analysis.csv,file,0,0,0,benign
SESSION-01013,2,python.exe,local_database,network,20022,0,0,benign
SESSION-01013,3,local_database,cache.tmp,file,0,0,0,benign
SESSION-01014,1,outlook.exe,pdf_reader.exe,process,0,0,0,benign
SESSION-01014,2,pdf_reader.exe,document.pdf,file,0,0,0,benign
SESSION-01015,1,python.exe,analysis.csv,file,0,0,0,benign
SESSION-01015,2,python.exe,local_database,network,31621,0,0,benign
SESSION-01015,3,local_database,cache.tmp,file,0,0,0,benign
SESSION-01016,1,backup.exe,archive.zip,file,0,0,0,benign
SESSION-01016,2,backup.exe,backup_server,network,4516,0,0,benign
SESSION-01017,1,outlook.exe,powershell.exe,process,0,0,1,attack
SESSION-01017,2,powershell.exe,payload.tmp,file,0,0,1,attack
SESSION-01017,3,powershell.exe,rundll32.exe,process,0,0,0,attack
SESSION-01017,4,rundll32.exe,curl.exe,process,0,0,0,attack
SESSION-01017,5,curl.exe,external_host,network,786976,1,0,attack
SESSION-01018,1,teams.exe,browser.exe,process,0,0,0,benign
SESSION-01018,2,browser.exe,company_portal,network,58020,0,0,benign
SESSION-01019,1,python.exe,analysis.csv,file,0,0,0,benign
SESSION-01019,2,python.exe,local_database,network,6614,0,0,benign
SESSION-01020,1,outlook.exe,powershell.exe,process,0,0,1,attack
SESSION-01020,2,powershell.exe,payload.tmp,file,0,0,1,attack
SESSION-01020,3,powershell.exe,rundll32.exe,process,0,0,0,attack
SESSION-01020,4,rundll32.exe,credential_store,file,0,0,0,attack
SESSION-01020,5,rundll32.exe,curl.exe,process,0,0,0,attack
SESSION-01020,6,curl.exe,external_host,network,312310,1,0,attack
SESSION-01021,1,outlook.exe,pdf_reader.exe,process,0,0,0,benign
SESSION-01021,2,pdf_reader.exe,document.pdf,file,0,0,0,benign
SESSION-01022,1,backup.exe,archive.zip,file,0,0,0,benign
SESSION-01022,2,backup.exe,backup_server,network,3002,0,0,benign
SESSION-01022,3,backup_server,cache.tmp,file,0,0,0,benign
SESSION-01023,1,python.exe,analysis.csv,file,0,0,0,benign
SESSION-01023,2,python.exe,local_database,network,15891,0,0,benign
SESSION-01023,3,local_database,cache.tmp,file,0,0,0,benign
SESSION-01024,1,backup.exe,archive.zip,file,0,0,0,benign
SESSION-01024,2,backup.exe,backup_server,network,12420,0,0,benign
SESSION-01025,1,teams.exe,browser.exe,process,0,0,0,benign
SESSION-01025,2,browser.exe,company_portal,network,12292,0,0,benign
SESSION-01025,3,company_portal,cache.tmp,file,0,0,0,benign
SESSION-01026,1,explorer.exe,browser.exe,process,0,0,0,benign
SESSION-01026,2,browser.exe,trusted_api,network,15030,1,0,benign
SESSION-01027,1,outlook.exe,powershell.exe,process,0,0,1,attack
SESSION-01027,2,powershell.exe,payload.tmp,file,0,0,1,attack
SESSION-01027,3,powershell.exe,rundll32.exe,process,0,0,0,attack
SESSION-01027,4,rundll32.exe,curl.exe,process,0,0,0,attack
SESSION-01027,5,curl.exe,external_host,network,81582,1,0,attack
SESSION-01028,1,backup.exe,archive.zip,file,0,0,0,benign
SESSION-01028,2,backup.exe,backup_server,network,31208,0,0,benign
SESSION-01029,1,outlook.exe,powershell.exe,process,0,0,1,attack
SESSION-01029,2,powershell.exe,payload.tmp,file,0,0,1,attack
SESSION-01029,3,powershell.exe,rundll32.exe,process,0,0,0,attack
SESSION-01029,4,rundll32.exe,curl.exe,process,0,0,0,attack
SESSION-01029,5,curl.exe,external_host,network,150879,1,0,attack
SESSION-01030,1,outlook.exe,powershell.exe,process,0,0,1,attack
SESSION-01030,2,powershell.exe,payload.tmp,file,0,0,1,attack
SESSION-01030,3,powershell.exe,rundll32.exe,process,0,0,0,attack
SESSION-01030,4,rundll32.exe,curl.exe,process,0,0,0,attack
SESSION-01030,5,curl.exe,external_host,network,776501,1,0,attack
SESSION-01031,1,backup.exe,archive.zip,file,0,0,0,benign
SESSION-01031,2,backup.exe,backup_server,network,60251,0,0,benign
SESSION-01032,1,backup.exe,archive.zip,file,0,0,0,benign
SESSION-01032,2,backup.exe,backup_server,network,10410,0,0,benign
SESSION-01032,3,backup_server,cache.tmp,file,0,0,0,benign
SESSION-01033,1,outlook.exe,powershell.exe,process,0,0,1,attack
SESSION-01033,2,powershell.exe,payload.tmp,file,0,0,1,attack
SESSION-01033,3,powershell.exe,rundll32.exe,process,0,0,0,attack
SESSION-01033,4,rundll32.exe,curl.exe,process,0,0,0,attack
SESSION-01033,5,curl.exe,external_host,network,701850,1,0,attack
SESSION-01034,1,teams.exe,browser.exe,process,0,0,0,benign
SESSION-01034,2,browser.exe,company_portal,network,8098,0,0,benign
SESSION-01035,1,backup.exe,archive.zip,file,0,0,0,benign
SESSION-01035,2,backup.exe,backup_server,network,11930,0,0,benign
SESSION-01036,1,python.exe,analysis.csv,file,0,0,0,benign
SESSION-01036,2,python.exe,local_database,network,36748,0,0,benign
SESSION-01036,3,local_database,cache.tmp,file,0,0,0,benign
SESSION-01037,1,outlook.exe,pdf_reader.exe,process,0,0,0,benign
SESSION-01037,2,pdf_reader.exe,document.pdf,file,0,0,0,benign
SESSION-01038,1,backup.exe,archive.zip,file,0,0,0,benign
SESSION-01038,2,backup.exe,backup_server,network,56611,0,0,benign
SESSION-01038,3,backup_server,cache.tmp,file,0,0,0,benign
SESSION-01039,1,outlook.exe,pdf_reader.exe,process,0,0,0,benign
SESSION-01039,2,pdf_reader.exe,document.pdf,file,0,0,0,benign
SESSION-01040,1,python.exe,analysis.csv,file,0,0,0,benign
SESSION-01040,2,python.exe,local_database,network,7997,0,0,benign
SESSION-01041,1,backup.exe,archive.zip,file,0,0,0,benign
SESSION-01041,2,backup.exe,backup_server,network,46302,0,0,benign
SESSION-01042,1,outlook.exe,powershell.exe,process,0,0,1,attack
SESSION-01042,2,powershell.exe,payload.tmp,file,0,0,1,attack
SESSION-01042,3,powershell.exe,rundll32.exe,process,0,0,0,attack
SESSION-01042,4,rundll32.exe,curl.exe,process,0,0,0,attack
SESSION-01042,5,curl.exe,external_host,network,109540,1,0,attack
SESSION-01043,1,outlook.exe,pdf_reader.exe,process,0,0,0,benign
SESSION-01043,2,pdf_reader.exe,document.pdf,file,0,0,0,benign
SESSION-01043,3,document.pdf,cache.tmp,file,0,0,0,benign
SESSION-01044,1,outlook.exe,powershell.exe,process,0,0,1,attack
SESSION-01044,2,powershell.exe,payload.tmp,file,0,0,1,attack
SESSION-01044,3,powershell.exe,rundll32.exe,process,0,0,0,attack
SESSION-01044,4,rundll32.exe,credential_store,file,0,0,0,attack
SESSION-01044,5,rundll32.exe,curl.exe,process,0,0,0,attack
SESSION-01044,6,curl.exe,external_host,network,139893,1,0,attack
SESSION-01045,1,teams.exe,browser.exe,process,0,0,0,benign
SESSION-01045,2,browser.exe,company_portal,network,7741,0,0,benign
SESSION-01046,1,outlook.exe,powershell.exe,process,0,0,1,attack
SESSION-01046,2,powershell.exe,payload.tmp,file,0,0,1,attack
SESSION-01046,3,powershell.exe,rundll32.exe,process,0,0,0,attack
SESSION-01046,4,rundll32.exe,curl.exe,process,0,0,0,attack
SESSION-01046,5,curl.exe,external_host,network,354353,1,0,attack
SESSION-01047,1,backup.exe,archive.zip,file,0,0,0,benign
SESSION-01047,2,backup.exe,backup_server,network,4928,0,0,benign
SESSION-01048,1,python.exe,analysis.csv,file,0,0,0,benign
SESSION-01048,2,python.exe,local_database,network,5682,0,0,benign
SESSION-01048,3,local_database,cache.tmp,file,0,0,0,benign
SESSION-01049,1,outlook.exe,powershell.exe,process,0,0,1,attack
SESSION-01049,2,powershell.exe,payload.tmp,file,0,0,1,attack
SESSION-01049,3,powershell.exe,rundll32.exe,process,0,0,0,attack
SESSION-01049,4,rundll32.exe,credential_store,file,0,0,0,attack
SESSION-01049,5,rundll32.exe,curl.exe,process,0,0,0,attack
SESSION-01049,6,curl.exe,external_host,network,404693,1,0,attack
SESSION-01050,1,python.exe,analysis.csv,file,0,0,0,benign
SESSION-01050,2,python.exe,local_database,network,33371,0,0,benign
SESSION-01050,3,local_database,cache.tmp,file,0,0,0,benign
SESSION-01051,1,teams.exe,browser.exe,process,0,0,0,benign
SESSION-01051,2,browser.exe,company_portal,network,62092,0,0,benign
SESSION-01051,3,company_portal,cache.tmp,file,0,0,0,benign
SESSION-01052,1,python.exe,analysis.csv,file,0,0,0,benign
SESSION-01052,2,python.exe,local_database,network,6810,0,0,benign
SESSION-01052,3,local_database,cache.tmp,file,0,0,0,benign
SESSION-01053,1,outlook.exe,powershell.exe,process,0,0,1,attack
SESSION-01053,2,powershell.exe,payload.tmp,file,0,0,1,attack
SESSION-01053,3,powershell.exe,rundll32.exe,process,0,0,0,attack
SESSION-01053,4,rundll32.exe,curl.exe,process,0,0,0,attack
SESSION-01053,5,curl.exe,external_host,network,643439,1,0,attack
SESSION-01054,1,outlook.exe,powershell.exe,process,0,0,1,attack
SESSION-01054,2,powershell.exe,payload.tmp,file,0,0,1,attack
SESSION-01054,3,powershell.exe,rundll32.exe,process,0,0,0,attack
SESSION-01054,4,rundll32.exe,curl.exe,process,0,0,0,attack
SESSION-01054,5,curl.exe,external_host,network,484657,1,0,attack
SESSION-01055,1,outlook.exe,powershell.exe,process,0,0,1,attack
SESSION-01055,2,powershell.exe,payload.tmp,file,0,0,1,attack
SESSION-01055,3,powershell.exe,rundll32.exe,process,0,0,0,attack
SESSION-01055,4,rundll32.exe,credential_store,file,0,0,0,attack
SESSION-01055,5,rundll32.exe,curl.exe,process,0,0,0,attack
SESSION-01055,6,curl.exe,external_host,network,258980,1,0,attack
SESSION-01056,1,explorer.exe,browser.exe,process,0,0,0,benign
SESSION-01056,2,browser.exe,trusted_api,network,31670,1,0,benign
SESSION-01057,1,backup.exe,archive.zip,file,0,0,0,benign
SESSION-01057,2,backup.exe,backup_server,network,54932,0,0,benign
SESSION-01057,3,backup_server,cache.tmp,file,0,0,0,benign
SESSION-01058,1,outlook.exe,pdf_reader.exe,process,0,0,0,attack
SESSION-01058,2,pdf_reader.exe,document.pdf,file,0,0,0,attack
SESSION-01059,1,teams.exe,browser.exe,process,0,0,0,benign
SESSION-01059,2,browser.exe,company_portal,network,47114,0,0,benign
SESSION-01060,1,outlook.exe,pdf_reader.exe,process,0,0,0,benign
SESSION-01060,2,pdf_reader.exe,document.pdf,file,0,0,0,benign
SESSION-01060,3,document.pdf,cache.tmp,file,0,0,0,benign
SESSION-01061,1,python.exe,analysis.csv,file,0,0,0,benign
SESSION-01061,2,python.exe,local_database,network,27726,0,0,benign
SESSION-01062,1,outlook.exe,powershell.exe,process,0,0,1,attack
SESSION-01062,2,powershell.exe,payload.tmp,file,0,0,1,attack
SESSION-01062,3,powershell.exe,rundll32.exe,process,0,0,0,attack
SESSION-01062,4,rundll32.exe,curl.exe,process,0,0,0,attack
SESSION-01062,5,curl.exe,external_host,network,212494,1,0,attack
SESSION-01063,1,outlook.exe,powershell.exe,process,0,0,1,attack
SESSION-01063,2,powershell.exe,payload.tmp,file,0,0,1,attack
SESSION-01063,3,powershell.exe,rundll32.exe,process,0,0,0,attack
SESSION-01063,4,rundll32.exe,credential_store,file,0,0,0,attack
SESSION-01063,5,rundll32.exe,curl.exe,process,0,0,0,attack
SESSION-01063,6,curl.exe,external_host,network,287616,1,0,attack
SESSION-01064,1,python.exe,analysis.csv,file,0,0,0,benign
SESSION-01064,2,python.exe,local_database,network,22426,0,0,benign
SESSION-01064,3,local_database,cache.tmp,file,0,0,0,benign
SESSION-01065,1,outlook.exe,powershell.exe,process,0,0,1,attack
SESSION-01065,2,powershell.exe,payload.tmp,file,0,0,1,attack
SESSION-01065,3,powershell.exe,rundll32.exe,process,0,0,0,attack
SESSION-01065,4,rundll32.exe,curl.exe,process,0,0,0,attack
SESSION-01065,5,curl.exe,external_host,network,671441,1,0,attack
SESSION-01066,1,python.exe,analysis.csv,file,0,0,0,benign
SESSION-01066,2,python.exe,local_database,network,43073,0,0,benign
SESSION-01067,1,outlook.exe,pdf_reader.exe,process,0,0,0,benign
SESSION-01067,2,pdf_reader.exe,document.pdf,file,0,0,0,benign
SESSION-01068,1,python.exe,analysis.csv,file,0,0,0,benign
SESSION-01068,2,python.exe,local_database,network,53153,0,0,benign
SESSION-01069,1,explorer.exe,browser.exe,process,0,0,0,benign
SESSION-01069,2,browser.exe,trusted_api,network,35548,1,0,benign
SESSION-01070,1,outlook.exe,pdf_reader.exe,process,0,0,0,benign
SESSION-01070,2,pdf_reader.exe,document.pdf,file,0,0,0,benign
SESSION-01070,3,document.pdf,cache.tmp,file,0,0,0,benign
SESSION-01071,1,python.exe,analysis.csv,file,0,0,0,benign
SESSION-01071,2,python.exe,local_database,network,18367,0,0,benign
SESSION-01071,3,local_database,cache.tmp,file,0,0,0,benign
SESSION-01072,1,outlook.exe,powershell.exe,process,0,0,1,attack
SESSION-01072,2,powershell.exe,payload.tmp,file,0,0,1,attack
SESSION-01072,3,powershell.exe,rundll32.exe,process,0,0,0,attack
SESSION-01072,4,rundll32.exe,curl.exe,process,0,0,0,attack
SESSION-01072,5,curl.exe,external_host,network,148041,1,0,attack
SESSION-01073,1,teams.exe,browser.exe,process,0,0,0,benign
SESSION-01073,2,browser.exe,company_portal,network,32925,0,0,benign
SESSION-01074,1,python.exe,analysis.csv,file,0,0,0,benign
SESSION-01074,2,python.exe,local_database,network,21572,0,0,benign
SESSION-01075,1,backup.exe,archive.zip,file,0,0,0,benign
SESSION-01075,2,backup.exe,backup_server,network,48640,0,0,benign
SESSION-01075,3,backup_server,cache.tmp,file,0,0,0,benign
SESSION-01076,1,teams.exe,browser.exe,process,0,0,0,benign
SESSION-01076,2,browser.exe,company_portal,network,10553,0,0,benign
SESSION-01076,3,company_portal,cache.tmp,file,0,0,0,benign
SESSION-01077,1,teams.exe,browser.exe,process,0,0,0,benign
SESSION-01077,2,browser.exe,company_portal,network,57580,0,0,benign
SESSION-01078,1,explorer.exe,browser.exe,process,0,0,0,benign
SESSION-01078,2,browser.exe,trusted_api,network,64967,1,0,benign
SESSION-01078,3,trusted_api,cache.tmp,file,0,0,0,benign
SESSION-01079,1,explorer.exe,browser.exe,process,0,0,0,benign
SESSION-01079,2,browser.exe,trusted_api,network,29429,1,0,benign
SESSION-01079,3,trusted_api,cache.tmp,file,0,0,0,benign
SESSION-01080,1,python.exe,analysis.csv,file,0,0,0,benign
SESSION-01080,2,python.exe,local_database,network,23091,0,0,benign
SESSION-01081,1,outlook.exe,pdf_reader.exe,process,0,0,0,benign
SESSION-01081,2,pdf_reader.exe,document.pdf,file,0,0,0,benign
SESSION-01082,1,explorer.exe,browser.exe,process,0,0,0,benign
SESSION-01082,2,browser.exe,trusted_api,network,6614,1,0,benign
SESSION-01082,3,trusted_api,cache.tmp,file,0,0,0,benign
SESSION-01083,1,outlook.exe,powershell.exe,process,0,0,1,attack
SESSION-01083,2,powershell.exe,payload.tmp,file,0,0,1,attack
SESSION-01083,3,powershell.exe,rundll32.exe,process,0,0,0,attack
SESSION-01083,4,rundll32.exe,credential_store,file,0,0,0,attack
SESSION-01083,5,rundll32.exe,curl.exe,process,0,0,0,attack
SESSION-01083,6,curl.exe,external_host,network,551342,1,0,attack
SESSION-01084,1,outlook.exe,powershell.exe,process,0,0,1,attack
SESSION-01084,2,powershell.exe,payload.tmp,file,0,0,1,attack
SESSION-01084,3,powershell.exe,rundll32.exe,process,0,0,0,attack
SESSION-01084,4,rundll32.exe,curl.exe,process,0,0,0,attack
SESSION-01084,5,curl.exe,external_host,network,765455,1,0,attack
SESSION-01085,1,python.exe,analysis.csv,file,0,0,0,benign
SESSION-01085,2,python.exe,local_database,network,59027,0,0,benign
SESSION-01085,3,local_database,cache.tmp,file,0,0,0,benign
SESSION-01086,1,python.exe,analysis.csv,file,0,0,0,benign
SESSION-01086,2,python.exe,local_database,network,21267,0,0,benign
SESSION-01087,1,outlook.exe,powershell.exe,process,0,0,1,attack
SESSION-01087,2,powershell.exe,payload.tmp,file,0,0,1,attack
SESSION-01087,3,powershell.exe,rundll32.exe,process,0,0,0,attack
SESSION-01087,4,rundll32.exe,curl.exe,process,0,0,0,attack
SESSION-01087,5,curl.exe,external_host,network,121135,1,0,attack
SESSION-01088,1,teams.exe,browser.exe,process,0,0,0,benign
SESSION-01088,2,browser.exe,company_portal,network,40929,0,0,benign
SESSION-01089,1,backup.exe,archive.zip,file,0,0,0,benign
SESSION-01089,2,backup.exe,backup_server,network,22043,0,0,benign
SESSION-01090,1,outlook.exe,pdf_reader.exe,process,0,0,0,benign
SESSION-01090,2,pdf_reader.exe,document.pdf,file,0,0,0,benign
SESSION-01091,1,python.exe,analysis.csv,file,0,0,0,benign
SESSION-01091,2,python.exe,local_database,network,57883,0,0,benign
SESSION-01092,1,explorer.exe,browser.exe,process,0,0,0,benign
SESSION-01092,2,browser.exe,trusted_api,network,34682,1,0,benign
SESSION-01093,1,teams.exe,browser.exe,process,0,0,0,benign
SESSION-01093,2,browser.exe,company_portal,network,48061,0,0,benign
SESSION-01094,1,explorer.exe,browser.exe,process,0,0,0,benign
SESSION-01094,2,browser.exe,trusted_api,network,34085,1,0,benign
SESSION-01094,3,trusted_api,cache.tmp,file,0,0,0,benign
SESSION-01095,1,teams.exe,browser.exe,process,0,0,0,benign
SESSION-01095,2,browser.exe,company_portal,network,46684,0,0,benign
SESSION-01096,1,teams.exe,browser.exe,process,0,0,0,benign
SESSION-01096,2,browser.exe,company_portal,network,4109,0,0,benign
SESSION-01097,1,explorer.exe,browser.exe,process,0,0,0,benign
SESSION-01097,2,browser.exe,trusted_api,network,3968,1,0,benign
SESSION-01098,1,backup.exe,archive.zip,file,0,0,0,benign
SESSION-01098,2,backup.exe,backup_server,network,17749,0,0,benign
SESSION-01099,1,teams.exe,browser.exe,process,0,0,0,benign
SESSION-01099,2,browser.exe,company_portal,network,38594,0,0,benign
SESSION-01099,3,company_portal,cache.tmp,file,0,0,0,benign
SESSION-01100,1,teams.exe,browser.exe,process,0,0,0,benign
SESSION-01100,2,browser.exe,company_portal,network,30408,0,0,benign
SESSION-01100,3,company_portal,cache.tmp,file,0,0,0,benign
SESSION-01101,1,python.exe,analysis.csv,file,0,0,0,benign
SESSION-01101,2,python.exe,local_database,network,56180,0,0,benign
SESSION-01102,1,teams.exe,browser.exe,process,0,0,0,benign
SESSION-01102,2,browser.exe,company_portal,network,3222,0,0,benign
SESSION-01103,1,backup.exe,archive.zip,file,0,0,0,benign
SESSION-01103,2,backup.exe,backup_server,network,62606,0,0,benign
SESSION-01104,1,teams.exe,browser.exe,process,0,0,0,benign
SESSION-01104,2,browser.exe,company_portal,network,51710,0,0,benign
SESSION-01105,1,backup.exe,archive.zip,file,0,0,0,benign
SESSION-01105,2,backup.exe,backup_server,network,43201,0,0,benign
SESSION-01106,1,backup.exe,archive.zip,file,0,0,0,benign
SESSION-01106,2,backup.exe,backup_server,network,46063,0,0,benign
SESSION-01107,1,teams.exe,browser.exe,process,0,0,0,benign
SESSION-01107,2,browser.exe,company_portal,network,8560,0,0,benign
SESSION-01107,3,company_portal,cache.tmp,file,0,0,0,benign
SESSION-01108,1,outlook.exe,powershell.exe,process,0,0,1,attack
SESSION-01108,2,powershell.exe,payload.tmp,file,0,0,1,attack
SESSION-01108,3,powershell.exe,rundll32.exe,process,0,0,0,attack
SESSION-01108,4,rundll32.exe,curl.exe,process,0,0,0,attack
SESSION-01108,5,curl.exe,external_host,network,273493,1,0,attack
SESSION-01109,1,explorer.exe,browser.exe,process,0,0,0,benign
SESSION-01109,2,browser.exe,trusted_api,network,58815,1,0,benign
SESSION-01110,1,outlook.exe,powershell.exe,process,0,0,1,attack
SESSION-01110,2,powershell.exe,payload.tmp,file,0,0,1,attack
SESSION-01110,3,powershell.exe,rundll32.exe,process,0,0,0,attack
SESSION-01110,4,rundll32.exe,credential_store,file,0,0,0,attack
SESSION-01110,5,rundll32.exe,curl.exe,process,0,0,0,attack
SESSION-01110,6,curl.exe,external_host,network,309432,1,0,attack
SESSION-01111,1,outlook.exe,powershell.exe,process,0,0,1,attack
SESSION-01111,2,powershell.exe,payload.tmp,file,0,0,1,attack
SESSION-01111,3,powershell.exe,rundll32.exe,process,0,0,0,attack
SESSION-01111,4,rundll32.exe,credential_store,file,0,0,0,attack
SESSION-01111,5,rundll32.exe,curl.exe,process,0,0,0,attack
SESSION-01111,6,curl.exe,external_host,network,137890,1,0,attack
SESSION-01112,1,backup.exe,archive.zip,file,0,0,0,benign
SESSION-01112,2,backup.exe,backup_server,network,59686,0,0,benign
SESSION-01112,3,backup_server,cache.tmp,file,0,0,0,benign
SESSION-01113,1,outlook.exe,powershell.exe,process,0,0,1,attack
SESSION-01113,2,powershell.exe,payload.tmp,file,0,0,1,attack
SESSION-01113,3,powershell.exe,rundll32.exe,process,0,0,0,attack
SESSION-01113,4,rundll32.exe,credential_store,file,0,0,0,attack
SESSION-01113,5,rundll32.exe,curl.exe,process,0,0,0,attack
SESSION-01113,6,curl.exe,external_host,network,695886,1,0,attack
SESSION-01114,1,explorer.exe,browser.exe,process,0,0,0,benign
SESSION-01114,2,browser.exe,trusted_api,network,30309,1,0,benign
SESSION-01114,3,trusted_api,cache.tmp,file,0,0,0,benign
SESSION-01115,1,explorer.exe,browser.exe,process,0,0,0,benign
SESSION-01115,2,browser.exe,trusted_api,network,44776,1,0,benign
SESSION-01115,3,trusted_api,cache.tmp,file,0,0,0,benign
SESSION-01116,1,python.exe,analysis.csv,file,0,0,0,benign
SESSION-01116,2,python.exe,local_database,network,13448,0,0,benign
SESSION-01116,3,local_database,cache.tmp,file,0,0,0,benign
SESSION-01117,1,backup.exe,archive.zip,file,0,0,0,benign
SESSION-01117,2,backup.exe,backup_server,network,15759,0,0,benign
SESSION-01118,1,backup.exe,archive.zip,file,0,0,0,benign
SESSION-01118,2,backup.exe,backup_server,network,37069,0,0,benign
SESSION-01118,3,backup_server,cache.tmp,file,0,0,0,benign
SESSION-01119,1,outlook.exe,powershell.exe,process,0,0,1,benign
SESSION-01119,2,powershell.exe,payload.tmp,file,0,0,1,benign
SESSION-01119,3,powershell.exe,rundll32.exe,process,0,0,0,benign
SESSION-01119,4,rundll32.exe,curl.exe,process,0,0,0,benign
SESSION-01119,5,curl.exe,external_host,network,464651,1,0,benign
SESSION-01120,1,outlook.exe,powershell.exe,process,0,0,1,attack
SESSION-01120,2,powershell.exe,payload.tmp,file,0,0,1,attack
SESSION-01120,3,powershell.exe,rundll32.exe,process,0,0,0,attack
SESSION-01120,4,rundll32.exe,credential_store,file,0,0,0,attack
SESSION-01120,5,rundll32.exe,curl.exe,process,0,0,0,attack
SESSION-01120,6,curl.exe,external_host,network,680501,1,0,attack
SESSION-01121,1,teams.exe,browser.exe,process,0,0,0,benign
SESSION-01121,2,browser.exe,company_portal,network,43284,0,0,benign
SESSION-01122,1,python.exe,analysis.csv,file,0,0,0,benign
SESSION-01122,2,python.exe,local_database,network,34053,0,0,benign
SESSION-01123,1,outlook.exe,powershell.exe,process,0,0,1,attack
SESSION-01123,2,powershell.exe,payload.tmp,file,0,0,1,attack
SESSION-01123,3,powershell.exe,rundll32.exe,process,0,0,0,attack
SESSION-01123,4,rundll32.exe,credential_store,file,0,0,0,attack
SESSION-01123,5,rundll32.exe,curl.exe,process,0,0,0,attack
SESSION-01123,6,curl.exe,external_host,network,335374,1,0,attack
SESSION-01124,1,explorer.exe,browser.exe,process,0,0,0,benign
SESSION-01124,2,browser.exe,trusted_api,network,19671,1,0,benign
SESSION-01124,3,trusted_api,cache.tmp,file,0,0,0,benign
SESSION-01125,1,explorer.exe,browser.exe,process,0,0,0,benign
SESSION-01125,2,browser.exe,trusted_api,network,44582,1,0,benign
SESSION-01125,3,trusted_api,cache.tmp,file,0,0,0,benign
SESSION-01126,1,explorer.exe,browser.exe,process,0,0,0,benign
SESSION-01126,2,browser.exe,trusted_api,network,60404,1,0,benign
SESSION-01127,1,outlook.exe,pdf_reader.exe,process,0,0,0,benign
SESSION-01127,2,pdf_reader.exe,document.pdf,file,0,0,0,benign
SESSION-01128,1,outlook.exe,pdf_reader.exe,process,0,0,0,benign
SESSION-01128,2,pdf_reader.exe,document.pdf,file,0,0,0,benign
SESSION-01129,1,python.exe,analysis.csv,file,0,0,0,benign
SESSION-01129,2,python.exe,local_database,network,33945,0,0,benign
SESSION-01130,1,backup.exe,archive.zip,file,0,0,0,benign
SESSION-01130,2,backup.exe,backup_server,network,7843,0,0,benign
SESSION-01130,3,backup_server,cache.tmp,file,0,0,0,benign
SESSION-01131,1,outlook.exe,pdf_reader.exe,process,0,0,0,benign
SESSION-01131,2,pdf_reader.exe,document.pdf,file,0,0,0,benign
SESSION-01131,3,document.pdf,cache.tmp,file,0,0,0,benign
SESSION-01132,1,outlook.exe,powershell.exe,process,0,0,1,benign
SESSION-01132,2,powershell.exe,payload.tmp,file,0,0,1,benign
SESSION-01132,3,powershell.exe,rundll32.exe,process,0,0,0,benign
SESSION-01132,4,rundll32.exe,curl.exe,process,0,0,0,benign
SESSION-01132,5,curl.exe,external_host,network,881162,1,0,benign
SESSION-01133,1,outlook.exe,powershell.exe,process,0,0,1,attack
SESSION-01133,2,powershell.exe,payload.tmp,file,0,0,1,attack
SESSION-01133,3,powershell.exe,rundll32.exe,process,0,0,0,attack
SESSION-01133,4,rundll32.exe,credential_store,file,0,0,0,attack
SESSION-01133,5,rundll32.exe,curl.exe,process,0,0,0,attack
SESSION-01133,6,curl.exe,external_host,network,371398,1,0,attack
SESSION-01134,1,python.exe,analysis.csv,file,0,0,0,benign
SESSION-01134,2,python.exe,local_database,network,64639,0,0,benign
SESSION-01135,1,explorer.exe,browser.exe,process,0,0,0,attack
SESSION-01135,2,browser.exe,trusted_api,network,6720,1,0,attack
SESSION-01136,1,outlook.exe,pdf_reader.exe,process,0,0,0,benign
SESSION-01136,2,pdf_reader.exe,document.pdf,file,0,0,0,benign
SESSION-01137,1,python.exe,analysis.csv,file,0,0,0,benign
SESSION-01137,2,python.exe,local_database,network,53660,0,0,benign
SESSION-01138,1,python.exe,analysis.csv,file,0,0,0,benign
SESSION-01138,2,python.exe,local_database,network,47796,0,0,benign
SESSION-01138,3,local_database,cache.tmp,file,0,0,0,benign
SESSION-01139,1,explorer.exe,browser.exe,process,0,0,0,benign
SESSION-01139,2,browser.exe,trusted_api,network,50648,1,0,benign
SESSION-01140,1,backup.exe,archive.zip,file,0,0,0,benign
SESSION-01140,2,backup.exe,backup_server,network,16661,0,0,benign
SESSION-01141,1,outlook.exe,powershell.exe,process,0,0,1,attack
SESSION-01141,2,powershell.exe,payload.tmp,file,0,0,1,attack
SESSION-01141,3,powershell.exe,rundll32.exe,process,0,0,0,attack
SESSION-01141,4,rundll32.exe,curl.exe,process,0,0,0,attack
SESSION-01141,5,curl.exe,external_host,network,292043,1,0,attack
SESSION-01142,1,teams.exe,browser.exe,process,0,0,0,benign
SESSION-01142,2,browser.exe,company_portal,network,27008,0,0,benign
SESSION-01143,1,teams.exe,browser.exe,process,0,0,0,benign
SESSION-01143,2,browser.exe,company_portal,network,5711,0,0,benign
SESSION-01143,3,company_portal,cache.tmp,file,0,0,0,benign
SESSION-01144,1,outlook.exe,powershell.exe,process,0,0,1,benign
SESSION-01144,2,powershell.exe,payload.tmp,file,0,0,1,benign
SESSION-01144,3,powershell.exe,rundll32.exe,process,0,0,0,benign
SESSION-01144,4,rundll32.exe,curl.exe,process,0,0,0,benign
SESSION-01144,5,curl.exe,external_host,network,94649,1,0,benign
SESSION-01145,1,teams.exe,browser.exe,process,0,0,0,benign
SESSION-01145,2,browser.exe,company_portal,network,42756,0,0,benign
SESSION-01145,3,company_portal,cache.tmp,file,0,0,0,benign
SESSION-01146,1,backup.exe,archive.zip,file,0,0,0,benign
SESSION-01146,2,backup.exe,backup_server,network,44768,0,0,benign
SESSION-01146,3,backup_server,cache.tmp,file,0,0,0,benign
SESSION-01147,1,outlook.exe,powershell.exe,process,0,0,1,attack
SESSION-01147,2,powershell.exe,payload.tmp,file,0,0,1,attack
SESSION-01147,3,powershell.exe,rundll32.exe,process,0,0,0,attack
SESSION-01147,4,rundll32.exe,curl.exe,process,0,0,0,attack
SESSION-01147,5,curl.exe,external_host,network,137655,1,0,attack
SESSION-01148,1,teams.exe,browser.exe,process,0,0,0,attack
SESSION-01148,2,browser.exe,company_portal,network,37818,0,0,attack
SESSION-01148,3,company_portal,cache.tmp,file,0,0,0,attack
SESSION-01149,1,backup.exe,archive.zip,file,0,0,0,benign
SESSION-01149,2,backup.exe,backup_server,network,50260,0,0,benign
SESSION-01150,1,python.exe,analysis.csv,file,0,0,0,benign
SESSION-01150,2,python.exe,local_database,network,13522,0,0,benign
SESSION-01150,3,local_database,cache.tmp,file,0,0,0,benign
SESSION-01151,1,outlook.exe,powershell.exe,process,0,0,1,benign
SESSION-01151,2,powershell.exe,payload.tmp,file,0,0,1,benign
SESSION-01151,3,powershell.exe,rundll32.exe,process,0,0,0,benign
SESSION-01151,4,rundll32.exe,curl.exe,process,0,0,0,benign
SESSION-01151,5,curl.exe,external_host,network,483929,1,0,benign
SESSION-01152,1,backup.exe,archive.zip,file,0,0,0,benign
SESSION-01152,2,backup.exe,backup_server,network,46075,0,0,benign
SESSION-01153,1,outlook.exe,powershell.exe,process,0,0,1,attack
SESSION-01153,2,powershell.exe,payload.tmp,file,0,0,1,attack
SESSION-01153,3,powershell.exe,rundll32.exe,process,0,0,0,attack
SESSION-01153,4,rundll32.exe,curl.exe,process,0,0,0,attack
SESSION-01153,5,curl.exe,external_host,network,478649,1,0,attack
SESSION-01154,1,python.exe,analysis.csv,file,0,0,0,benign
SESSION-01154,2,python.exe,local_database,network,9442,0,0,benign
SESSION-01155,1,teams.exe,browser.exe,process,0,0,0,benign
SESSION-01155,2,browser.exe,company_portal,network,29213,0,0,benign
SESSION-01155,3,company_portal,cache.tmp,file,0,0,0,benign
SESSION-01156,1,outlook.exe,powershell.exe,process,0,0,1,attack
SESSION-01156,2,powershell.exe,payload.tmp,file,0,0,1,attack
SESSION-01156,3,powershell.exe,rundll32.exe,process,0,0,0,attack
SESSION-01156,4,rundll32.exe,curl.exe,process,0,0,0,attack
SESSION-01156,5,curl.exe,external_host,network,148668,1,0,attack
SESSION-01157,1,outlook.exe,powershell.exe,process,0,0,1,attack
SESSION-01157,2,powershell.exe,payload.tmp,file,0,0,1,attack
SESSION-01157,3,powershell.exe,rundll32.exe,process,0,0,0,attack
SESSION-01157,4,rundll32.exe,credential_store,file,0,0,0,attack
SESSION-01157,5,rundll32.exe,curl.exe,process,0,0,0,attack
SESSION-01157,6,curl.exe,external_host,network,215819,1,0,attack
SESSION-01158,1,outlook.exe,powershell.exe,process,0,0,1,benign
SESSION-01158,2,powershell.exe,payload.tmp,file,0,0,1,benign
SESSION-01158,3,powershell.exe,rundll32.exe,process,0,0,0,benign
SESSION-01158,4,rundll32.exe,credential_store,file,0,0,0,benign
SESSION-01158,5,rundll32.exe,curl.exe,process,0,0,0,benign
SESSION-01158,6,curl.exe,external_host,network,866290,1,0,benign
SESSION-01159,1,outlook.exe,powershell.exe,process,0,0,1,attack
SESSION-01159,2,powershell.exe,payload.tmp,file,0,0,1,attack
SESSION-01159,3,powershell.exe,rundll32.exe,process,0,0,0,attack
SESSION-01159,4,rundll32.exe,curl.exe,process,0,0,0,attack
SESSION-01159,5,curl.exe,external_host,network,508037,1,0,attack
SESSION-01160,1,python.exe,analysis.csv,file,0,0,0,benign
SESSION-01160,2,python.exe,local_database,network,11717,0,0,benign
SESSION-01161,1,explorer.exe,browser.exe,process,0,0,0,benign
SESSION-01161,2,browser.exe,trusted_api,network,49898,1,0,benign
SESSION-01162,1,python.exe,analysis.csv,file,0,0,0,benign
SESSION-01162,2,python.exe,local_database,network,29663,0,0,benign
SESSION-01162,3,local_database,cache.tmp,file,0,0,0,benign
SESSION-01163,1,backup.exe,archive.zip,file,0,0,0,benign
SESSION-01163,2,backup.exe,backup_server,network,51033,0,0,benign
SESSION-01164,1,outlook.exe,powershell.exe,process,0,0,1,benign
SESSION-01164,2,powershell.exe,payload.tmp,file,0,0,1,benign
SESSION-01164,3,powershell.exe,rundll32.exe,process,0,0,0,benign
SESSION-01164,4,rundll32.exe,curl.exe,process,0,0,0,benign
SESSION-01164,5,curl.exe,external_host,network,569604,1,0,benign
SESSION-01165,1,outlook.exe,pdf_reader.exe,process,0,0,0,benign
SESSION-01165,2,pdf_reader.exe,document.pdf,file,0,0,0,benign
SESSION-01166,1,python.exe,analysis.csv,file,0,0,0,benign
SESSION-01166,2,python.exe,local_database,network,25390,0,0,benign
SESSION-01166,3,local_database,cache.tmp,file,0,0,0,benign
SESSION-01167,1,teams.exe,browser.exe,process,0,0,0,benign
SESSION-01167,2,browser.exe,company_portal,network,18192,0,0,benign
SESSION-01168,1,outlook.exe,powershell.exe,process,0,0,1,benign
SESSION-01168,2,powershell.exe,payload.tmp,file,0,0,1,benign
SESSION-01168,3,powershell.exe,rundll32.exe,process,0,0,0,benign
SESSION-01168,4,rundll32.exe,curl.exe,process,0,0,0,benign
SESSION-01168,5,curl.exe,external_host,network,317746,1,0,benign
SESSION-01169,1,explorer.exe,browser.exe,process,0,0,0,benign
SESSION-01169,2,browser.exe,trusted_api,network,34417,1,0,benign
SESSION-01169,3,trusted_api,cache.tmp,file,0,0,0,benign
SESSION-01170,1,teams.exe,browser.exe,process,0,0,0,benign
SESSION-01170,2,browser.exe,company_portal,network,36237,0,0,benign
SESSION-01170,3,company_portal,cache.tmp,file,0,0,0,benign
SESSION-01171,1,explorer.exe,browser.exe,process,0,0,0,attack
SESSION-01171,2,browser.exe,trusted_api,network,62581,1,0,attack
SESSION-01172,1,outlook.exe,pdf_reader.exe,process,0,0,0,benign
SESSION-01172,2,pdf_reader.exe,document.pdf,file,0,0,0,benign
SESSION-01173,1,outlook.exe,pdf_reader.exe,process,0,0,0,benign
SESSION-01173,2,pdf_reader.exe,document.pdf,file,0,0,0,benign
SESSION-01173,3,document.pdf,cache.tmp,file,0,0,0,benign
SESSION-01174,1,outlook.exe,powershell.exe,process,0,0,1,benign
SESSION-01174,2,powershell.exe,payload.tmp,file,0,0,1,benign
SESSION-01174,3,powershell.exe,rundll32.exe,process,0,0,0,benign
SESSION-01174,4,rundll32.exe,credential_store,file,0,0,0,benign
SESSION-01174,5,rundll32.exe,curl.exe,process,0,0,0,benign
SESSION-01174,6,curl.exe,external_host,network,273757,1,0,benign
SESSION-01175,1,python.exe,analysis.csv,file,0,0,0,benign
SESSION-01175,2,python.exe,local_database,network,8907,0,0,benign
SESSION-01176,1,outlook.exe,pdf_reader.exe,process,0,0,0,benign
SESSION-01176,2,pdf_reader.exe,document.pdf,file,0,0,0,benign
SESSION-01176,3,document.pdf,cache.tmp,file,0,0,0,benign
SESSION-01177,1,python.exe,analysis.csv,file,0,0,0,benign
SESSION-01177,2,python.exe,local_database,network,40094,0,0,benign
SESSION-01178,1,teams.exe,browser.exe,process,0,0,0,benign
SESSION-01178,2,browser.exe,company_portal,network,44857,0,0,benign
SESSION-01179,1,outlook.exe,powershell.exe,process,0,0,1,attack
SESSION-01179,2,powershell.exe,payload.tmp,file,0,0,1,attack
SESSION-01179,3,powershell.exe,rundll32.exe,process,0,0,0,attack
SESSION-01179,4,rundll32.exe,credential_store,file,0,0,0,attack
SESSION-01179,5,rundll32.exe,curl.exe,process,0,0,0,attack
SESSION-01179,6,curl.exe,external_host,network,202161,1,0,attack
SESSION-01180,1,outlook.exe,pdf_reader.exe,process,0,0,0,benign
SESSION-01180,2,pdf_reader.exe,document.pdf,file,0,0,0,benign
SESSION-01180,3,document.pdf,cache.tmp,file,0,0,0,benign
SESSION-01181,1,outlook.exe,powershell.exe,process,0,0,1,attack
SESSION-01181,2,powershell.exe,payload.tmp,file,0,0,1,attack
SESSION-01181,3,powershell.exe,rundll32.exe,process,0,0,0,attack
SESSION-01181,4,rundll32.exe,curl.exe,process,0,0,0,attack
SESSION-01181,5,curl.exe,external_host,network,874870,1,0,attack
SESSION-01182,1,explorer.exe,browser.exe,process,0,0,0,benign
SESSION-01182,2,browser.exe,trusted_api,network,59053,1,0,benign
SESSION-01182,3,trusted_api,cache.tmp,file,0,0,0,benign
SESSION-01183,1,outlook.exe,powershell.exe,process,0,0,1,benign
SESSION-01183,2,powershell.exe,payload.tmp,file,0,0,1,benign
SESSION-01183,3,powershell.exe,rundll32.exe,process,0,0,0,benign
SESSION-01183,4,rundll32.exe,curl.exe,process,0,0,0,benign
SESSION-01183,5,curl.exe,external_host,network,848460,1,0,benign
SESSION-01184,1,python.exe,analysis.csv,file,0,0,0,benign
SESSION-01184,2,python.exe,local_database,network,42729,0,0,benign
SESSION-01185,1,backup.exe,archive.zip,file,0,0,0,benign
SESSION-01185,2,backup.exe,backup_server,network,56728,0,0,benign
SESSION-01185,3,backup_server,cache.tmp,file,0,0,0,benign
SESSION-01186,1,teams.exe,browser.exe,process,0,0,0,benign
SESSION-01186,2,browser.exe,company_portal,network,22623,0,0,benign
SESSION-01186,3,company_portal,cache.tmp,file,0,0,0,benign
SESSION-01187,1,outlook.exe,powershell.exe,process,0,0,1,attack
SESSION-01187,2,powershell.exe,payload.tmp,file,0,0,1,attack
SESSION-01187,3,powershell.exe,rundll32.exe,process,0,0,0,attack
SESSION-01187,4,rundll32.exe,curl.exe,process,0,0,0,attack
SESSION-01187,5,curl.exe,external_host,network,716181,1,0,attack
SESSION-01188,1,teams.exe,browser.exe,process,0,0,0,benign
SESSION-01188,2,browser.exe,company_portal,network,8754,0,0,benign
SESSION-01188,3,company_portal,cache.tmp,file,0,0,0,benign
SESSION-01189,1,explorer.exe,browser.exe,process,0,0,0,benign
SESSION-01189,2,browser.exe,trusted_api,network,33116,1,0,benign
SESSION-01190,1,outlook.exe,powershell.exe,process,0,0,1,benign
SESSION-01190,2,powershell.exe,payload.tmp,file,0,0,1,benign
SESSION-01190,3,powershell.exe,rundll32.exe,process,0,0,0,benign
SESSION-01190,4,rundll32.exe,curl.exe,process,0,0,0,benign
SESSION-01190,5,curl.exe,external_host,network,631970,1,0,benign
SESSION-01191,1,python.exe,analysis.csv,file,0,0,0,benign
SESSION-01191,2,python.exe,local_database,network,30910,0,0,benign
SESSION-01192,1,outlook.exe,powershell.exe,process,0,0,1,attack
SESSION-01192,2,powershell.exe,payload.tmp,file,0,0,1,attack
SESSION-01192,3,powershell.exe,rundll32.exe,process,0,0,0,attack
SESSION-01192,4,rundll32.exe,credential_store,file,0,0,0,attack
SESSION-01192,5,rundll32.exe,curl.exe,process,0,0,0,attack
SESSION-01192,6,curl.exe,external_host,network,405928,1,0,attack
SESSION-01193,1,backup.exe,archive.zip,file,0,0,0,benign
SESSION-01193,2,backup.exe,backup_server,network,57277,0,0,benign
SESSION-01193,3,backup_server,cache.tmp,file,0,0,0,benign
SESSION-01194,1,outlook.exe,powershell.exe,process,0,0,1,attack
SESSION-01194,2,powershell.exe,payload.tmp,file,0,0,1,attack
SESSION-01194,3,powershell.exe,rundll32.exe,process,0,0,0,attack
SESSION-01194,4,rundll32.exe,credential_store,file,0,0,0,attack
SESSION-01194,5,rundll32.exe,curl.exe,process,0,0,0,attack
SESSION-01194,6,curl.exe,external_host,network,609838,1,0,attack
SESSION-01195,1,python.exe,analysis.csv,file,0,0,0,benign
SESSION-01195,2,python.exe,local_database,network,48217,0,0,benign
SESSION-01196,1,explorer.exe,browser.exe,process,0,0,0,benign
SESSION-01196,2,browser.exe,trusted_api,network,27872,1,0,benign
SESSION-01197,1,teams.exe,browser.exe,process,0,0,0,benign
SESSION-01197,2,browser.exe,company_portal,network,54916,0,0,benign
SESSION-01198,1,outlook.exe,pdf_reader.exe,process,0,0,0,benign
SESSION-01198,2,pdf_reader.exe,document.pdf,file,0,0,0,benign
SESSION-01199,1,explorer.exe,browser.exe,process,0,0,0,benign
SESSION-01199,2,browser.exe,trusted_api,network,7673,1,0,benign
SESSION-01200,1,explorer.exe,browser.exe,process,0,0,0,benign
SESSION-01200,2,browser.exe,trusted_api,network,25064,1,0,benign
SESSION-01200,3,trusted_api,cache.tmp,file,0,0,0,benign
